ApplicantIncome,CoapplicantIncome,LoanAmount,Loan_Amount_Term,TotalIncome,EMI,BalanceIncome,ApplicantIncome_Log,CoapplicantIncome_Log,LoanAmount_Log,TotalIncome_Log,EMI_Log,Gender_Female,Gender_Male,Married_No,Married_Yes,Dependents_0,Dependents_1,Dependents_2,Dependents_3+,Education_Graduate,Education_Not Graduate,Self_Employed_No,Self_Employed_Yes,Credit_History_0.0,Credit_History_1.0,Property_Area_Rural,Property_Area_Semiurban,Property_Area_Urban,Loan_Status
0.07299082285068836,-0.5544873301529852,-0.21124124943736647,0.2732312961117544,-0.18218375972648307,-0.23130482669294317,-0.18217071579296074,0.5161862659637967,-1.1077829767083145,-0.012803201343461017,0.008425825191001515,-0.2748387690787142,0.0,1.0,1.0,0.0,1.0,0.0,0.0,0.0,1.0,0.0,1.0,0.0,0.0,1.0,0.0,0.0,1.0,1
-0.13441195378345122,-0.03873154846446157,-0.21124124943736647,0.2732312961117544,-0.144684160081343,-0.23130482669294317,-0.14467003306921253,0.13780585237723655,0.7821575712485496,-0.012803201343461017,0.08285991649734786,-0.2748387690787142,0.0,1.0,0.0,1.0,0.0,1.0,0.0,0.0,1.0,0.0,1.0,0.0,0.0,1.0,1.0,0.0,0.0,0
-0.3937473372051281,-0.5544873301529852,-0.9489964681145835,0.2732312961117544,-0.6236563191851775,-0.5685207425329879,-0.6236293382270313,-0.5194793670731671,-1.1077829767083145,-1.3486627152890505,-1.2172986730963478,-0.9414637687181682,0.0,1.0,0.0,1.0,1.0,0.0,0.0,0.0,1.0,0.0,0.0,1.0,0.0,1.0,0.0,0.0,1.0,1
-0.4620624697931504,0.2519796016915365,-0.3064354712021687,0.2732312961117544,-0.32288473690742187,-0.27481655776907804,-0.3228723131675821,-0.75160478236161,0.8975263856994306,-0.14335063876429482,-0.3013061075073324,-0.3559335987420099,0.0,1.0,0.0,1.0,1.0,0.0,0.0,0.0,0.0,1.0,1.0,0.0,0.0,1.0,0.0,0.0,1.0,1
0.09772843680942066,-0.5544873301529852,-0.05655063906956289,0.2732312961117544,-0.15878524920410228,-0.16059826369422417,-0.15877712529723587,0.5557271417764572,-1.1077829767083145,0.1829809757655036,0.05522299468401092,-0.14585331900714535,0.0,1.0,1.0,0.0,1.0,0.0,0.0,0.0,1.0,0.0,1.0,0.0,0.0,1.0,0.0,0.0,1.0,1
0.0022183113925933404,0.8805997122641535,1.4427583537260718,0.2732312961117544,0.40107447607643937,0.5247115007548987,0.40104453355379266,0.39715784871846554,1.0462933560788554,1.4781401899444353,0.9206616235116626,0.9547890302849271,0.0,1.0,0.0,1.0,0.0,0.0,1.0,0.0,1.0,0.0,0.0,1.0,0.0,1.0,0.0,0.0,1.0,1
-0.5030187842943628,-0.03599544352181688,-0.6039174142171756,0.2732312961117544,-0.49209780638053324,-0.4107907173819992,-0.49207950870582584,-0.9094846729340591,0.7835228975392053,-0.6152864248387256,-0.7598251647902352,-0.618355799499025,0.0,1.0,0.0,1.0,1.0,0.0,0.0,0.0,0.0,1.0,1.0,0.0,0.0,1.0,0.0,0.0,1.0,1
-0.38784962791695354,0.30191351689480206,0.1457370821806418,0.2732312961117544,-0.23006547993453383,-0.06813583515743776,-0.23006673239846415,-0.5009775079479815,0.9130325417265339,0.41355740303033994,-0.09122417882296666,0.017859875146703487,0.0,1.0,0.0,1.0,0.0,0.0,0.0,1.0,1.0,0.0,1.0,0.0,1.0,0.0,0.0,1.0,0.0,0
-0.22893912765224944,-0.03257531234351103,0.26472985938664456,0.2732312961117544,-0.23130513612115003,-0.013746171312269262,-0.23131072887541118,-0.07092527888117638,0.7852194656209255,0.537931757097833,-0.09387731582271075,0.11167010401712162,0.0,1.0,0.0,1.0,0.0,0.0,1.0,0.0,1.0,0.0,1.0,0.0,0.0,1.0,0.0,0.0,1.0,1
1.2184570268205968,3.196712546212882,2.4184991268152944,0.2732312961117544,2.6008443792268876,0.9707067442852803,2.6008426745626907,1.7361522651824677,1.2943629793105622,2.0224720730497836,2.5859770119191405,1.5577959391674028,0.0,1.0,0.0,1.0,0.0,1.0,0.0,0.0,1.0,0.0,1.0,0.0,0.0,1.0,0.0,1.0,0.0,0
-0.3609822856041582,-0.31507814767157505,-0.9013993572321825,0.2732312961117544,-0.484194998190855,-0.5467648769949204,-0.4841657110488457,-0.4193757717578354,0.5841842036337067,-1.2304204768512392,-0.7356598287064678,-0.895611794865874,0.0,1.0,0.0,1.0,0.0,0.0,1.0,0.0,1.0,0.0,1.0,0.0,0.0,1.0,0.0,0.0,1.0,1
-0.4756599662075529,0.07481680665529297,-0.4373275261287717,0.2732312961117544,-0.4160139079269639,-0.33464518799876336,-0.4159994390468314,-0.8022602746159628,0.8335069955664076,-0.3376983189723734,-0.5394109044656444,-0.4696739518042803,0.0,1.0,0.0,1.0,0.0,0.0,1.0,0.0,1.0,0.0,1.0,0.0,0.0,1.0,0.0,0.0,1.0,1
-0.38178809337077413,2.2178710029817448,0.6455067464458534,0.2732312961117544,0.6437371746065607,0.1603007529922699,0.6437430808228788,-0.4821888578365924,1.2162923826686154,0.8915255855732974,1.1977708126399784,0.40034898112562856,0.0,1.0,0.0,1.0,0.0,0.0,1.0,0.0,1.0,0.0,1.0,0.0,0.0,1.0,0.0,0.0,1.0,1
-0.5816549081366906,0.41682992448587897,-0.3778311375257703,0.2732312961117544,-0.3613140786925241,-0.3074503560761791,-0.36130018219283344,-1.266714707659752,0.9455336023846382,-0.24705640690654598,-0.3958481411060278,-0.4176466827819747,0.0,1.0,1.0,0.0,1.0,0.0,0.0,0.0,1.0,0.0,1.0,0.0,0.0,1.0,1.0,0.0,0.0,0
-0.6724141010713773,-0.18306108418896885,-1.532061076423997,-3.4548579441686273,-0.718954888531298,-0.6501052383007405,-0.7189242032958671,-1.8174922101168456,0.6974558797576874,-4.0287039344433495,-1.638412776683009,-1.1173293895901732,0.0,1.0,0.0,1.0,0.0,0.0,1.0,0.0,1.0,0.0,1.0,0.0,0.0,1.0,0.0,0.0,1.0,1
-0.07428808409567142,-0.5544873301529852,-0.2469390825991673,0.2732312961117544,-0.3214901236974786,-0.24762172584649378,-0.3214798119208957,0.2573038972958118,-1.1077829767083145,-0.06078440959636888,-0.2979650130571582,-0.3050924651015713,0.0,1.0,1.0,0.0,1.0,0.0,0.0,0.0,1.0,0.0,1.0,0.0,0.0,1.0,0.0,0.0,1.0,1
-0.29610748343423776,-0.5544873301529852,-0.5444210256141742,-1.5908133240284363,-0.5313019332822706,-0.11164756623357251,-0.5313084425904538,-0.23840567518907135,-1.1077829767083145,-0.5117562072339227,-0.8846440990943638,-0.05850159622205884,0.0,1.0,1.0,0.0,0.0,1.0,0.0,0.0,0.0,1.0,1.0,0.0,0.0,1.0,0.0,0.0,1.0,1
-0.31019645562265485,-0.5544873301529852,-0.8300036909085807,0.2732312961117544,-0.5446282372883947,-0.5141310786878194,-0.5446032782952942,-0.2759524862016983,-1.1077829767083145,-1.06499678892756,-0.9290812655143675,-0.8276274438736991,1.0,0.0,1.0,0.0,1.0,0.0,0.0,0.0,1.0,0.0,1.0,0.0,1.0,0.0,0.0,0.0,1.0,0
-0.08460907534997694,-0.5544873301529852,-0.1517448608343651,0.2732312961117544,-0.3312524161670812,-0.20410999477035893,-0.3312458299378424,0.23743396643914283,-1.1077829767083145,0.06473873732769238,-0.32148134907660947,-0.2248268631072366,0.0,1.0,0.0,1.0,1.0,0.0,0.0,0.0,0.0,1.0,1.0,0.0,0.0,1.0,1.0,0.0,0.0,0
-0.45927744040706797,0.6425585822540657,-0.36593185980517007,0.2732312961117544,-0.14328954687139978,-0.30201138969166225,-0.1432697837475831,-0.741430528997781,0.9994731514045894,-0.22940168825346138,0.08557077061692125,-0.40730710995247077,0.0,1.0,0.0,1.0,1.0,0.0,0.0,0.0,1.0,0.0,1.0,0.0,0.0,1.0,0.0,0.0,1.0,1
0.369678365097471,-0.5544873301529852,-0.49682391473177306,0.2732312961117544,0.09844340951875936,-0.3618400199213476,0.09847488940630743,0.9346455145754057,-1.1077829767083145,-0.43255762089003547,0.5036780921355968,-0.5222588656271877,0.0,1.0,0.0,1.0,1.0,0.0,0.0,0.0,0.0,1.0,1.0,0.0,1.0,0.0,0.0,0.0,1.0,0
0.09035630019920242,1.3693364576440608,2.013923684314885,0.2732312961117544,0.7058749409606977,0.7857818872117074,0.7058331402752095,0.5440484777023747,1.1219582763440108,1.814093782899674,1.2624809178721577,1.3166950204020749,0.0,1.0,0.0,1.0,0.0,1.0,0.0,0.0,1.0,0.0,1.0,0.0,0.0,1.0,0.0,0.0,1.0,1
-0.45927744040706797,0.09909973802126458,-0.3540325820845698,0.2732312961117544,-0.38951625693804265,-0.29657242330714534,-0.3895040358822897,-0.741430528997781,0.8432781523390557,-0.2118985141187817,-0.4684639433886089,-0.3969892817716717,0.0,1.0,0.0,1.0,1.0,0.0,0.0,0.0,0.0,1.0,1.0,0.0,1.0,0.0,0.0,1.0,0.0,0
-0.33395111803335803,0.10115181672824809,-0.4016296929669709,0.2732312961117544,-0.2700443919529063,-0.31832828884521275,-0.2700269984679825,-0.34139111335669026,0.844087187151665,-0.2828311362010103,-0.17878066492478206,-0.4383914303564882,0.0,1.0,0.0,1.0,0.0,0.0,1.0,0.0,0.0,1.0,1.0,0.0,1.0,0.0,1.0,0.0,0.0,0
-0.27628462721565095,0.44590103950147875,0.06244213813643986,0.2732312961117544,-0.05930284022815217,-0.10620859984905567,-0.05929614751618171,-0.18707092107547188,0.9531458832496206,0.3217492871772336,0.2418602377772303,-0.048891161235726906,0.0,1.0,0.0,1.0,0.0,1.0,0.0,0.0,1.0,0.0,1.0,0.0,0.0,1.0,0.0,1.0,0.0,0
0.6809463553066852,-0.5544873301529852,0.5384132469604509,0.2732312961117544,0.392861753840107,0.11135005553161824,0.3928642882084976,1.2783951128840538,-1.1077829767083145,0.7981150277780172,0.910510462046154,0.32086006064061806,0.0,1.0,0.0,1.0,1.0,0.0,0.0,0.0,1.0,0.0,0.0,1.0,0.0,1.0,0.0,1.0,0.0,1
-0.4266762140641029,0.216068224319325,-0.2826369157609681,0.2732312961117544,-0.3056845073181221,-0.2639386250000443,-0.3056724476915085,-0.6270436072806282,0.8857694202598293,-0.10992190212549849,-0.260518130254981,-0.335533879156789,0.0,1.0,0.0,1.0,1.0,0.0,0.0,0.0,1.0,0.0,1.0,0.0,0.0,1.0,0.0,1.0,0.0,1
-0.19289757089118253,-0.19879368760917582,-0.4254282484081714,0.2732312961117544,-0.2725237043261387,-0.3292062216142464,-0.2725055215525021,0.012005553808468442,0.6862906350822455,-0.3192447336033025,-0.1843504955503294,-0.45922426629526536,0.0,1.0,0.0,1.0,0.0,0.0,1.0,0.0,0.0,1.0,1.0,0.0,0.0,1.0,0.0,0.0,1.0,1
-0.6489870891766838,-0.5544873301529852,-1.317874077453192,0.2732312961117544,-0.8650793615286826,-0.73712870045301,-0.8650460095416714,-1.6555705416923199,-1.1077829767083145,-2.6153024818266064,-2.5618781788730405,-1.3121391202602413,0.0,1.0,1.0,0.0,1.0,0.0,0.0,0.0,0.0,1.0,1.0,0.0,0.0,1.0,0.0,0.0,1.0,0
-0.2708783937014909,0.15792599428812537,-0.3064354712021687,0.2732312961117544,-0.18466307209971547,-0.27481655776907804,-0.18464665618583254,-0.17336036283282602,0.8655207633699971,-0.14335063876429482,0.003396579660454203,-0.3559335987420099,1.0,0.0,1.0,0.0,0.0,0.0,1.0,0.0,1.0,0.0,1.0,0.0,0.0,1.0,0.0,1.0,0.0,1
-0.2027270863714735,0.5977548638182589,0.6574060241664537,0.2732312961117544,0.07907378160288123,0.16573971937678675,0.07906294853402931,-0.01017592587738517,0.9896258245095342,0.9016452453828202,0.47346911108213885,0.4091021065370724,0.0,1.0,0.0,1.0,0.0,1.0,0.0,0.0,1.0,0.0,1.0,0.0,0.0,1.0,0.0,0.0,1.0,0
-0.36638851911831827,-0.5544873301529852,-0.8538022463497813,0.2732312961117544,-0.5977784962895644,-0.525009011456853,-0.5977542115065313,-0.43545434132406635,-1.1077829767083145,-1.1186606035515918,-1.117853901304618,-0.8501843824219515,0.0,1.0,1.0,0.0,1.0,0.0,0.0,0.0,1.0,0.0,1.0,0.0,0.0,1.0,0.0,0.0,1.0,0
-0.11655500066092261,-0.5544873301529852,-0.4730253592905725,0.2732312961117544,-0.3614690357158511,-0.35096208715231386,-0.36145170010282845,0.1742677912762675,-1.1077829767083145,-0.394082757437591,-0.3962393847692768,-0.5011572180785796,0.0,1.0,1.0,0.0,0.0,1.0,0.0,0.0,1.0,0.0,0.0,1.0,0.0,1.0,1.0,0.0,0.0,0
-0.3118347082027033,0.015648537270601597,-0.3778311375257703,0.2732312961117544,-0.28786444963551416,-0.3074503560761791,-0.2878484317339217,-0.2803779543424496,0.8080252391970063,-0.24705640690654598,-0.21919464795577362,-0.4176466827819747,0.0,1.0,0.0,1.0,1.0,0.0,0.0,0.0,1.0,0.0,1.0,0.0,0.0,1.0,0.0,1.0,0.0,1
1.162592613840943,0.4715520233387727,2.0734200729178864,0.2732312961117544,1.313306472402636,0.8129767191342915,1.3132800635573472,1.6943958316116448,0.9596811586813331,1.8461055434247569,1.797834077927739,1.3529027529466255,0.0,1.0,1.0,0.0,0.0,0.0,0.0,1.0,1.0,0.0,1.0,0.0,0.0,1.0,1.0,0.0,0.0,0
-0.512520649258644,0.152453784402836,-0.21124124943736647,0.2732312961117544,-0.4157039938803099,-0.23130482669294317,-0.41569769457266537,-0.948528359363596,0.8635306438223892,-0.012803201343461017,-0.53856507205709,-0.2748387690787142,0.0,1.0,0.0,1.0,1.0,0.0,0.0,0.0,1.0,0.0,1.0,0.0,0.0,1.0,0.0,0.0,1.0,1
-0.5857505395868119,-0.09960988343830587,-0.5444210256141742,0.2732312961117544,-0.5991731094995075,-0.3835958854594149,-0.5991600566600639,-1.2877789475327062,0.7497470744191327,-0.5117562072339227,-1.1230780929548332,-0.5647364079601584,0.0,1.0,0.0,1.0,1.0,0.0,0.0,0.0,1.0,0.0,1.0,0.0,1.0,0.0,0.0,0.0,1.0,0
-0.28447589011589347,-0.055490191238160284,-0.020852805907762065,0.2732312961117544,-0.2942176875919222,-0.14428136454067358,-0.29421476664535684,-0.2080781209150844,0.7736336447580593,0.22561194869847703,-0.2338209296897931,-0.11656293056478892,1.0,0.0,0.0,1.0,1.0,0.0,0.0,0.0,1.0,0.0,1.0,0.0,0.0,1.0,0.0,1.0,0.0,1
-0.2027270863714735,1.9114272494055395,0.45511830291624894,0.2732312961117544,0.6742637082019846,0.07327729084000022,0.6742773832757231,-0.01017592587738517,1.1860499748293718,0.7223835077197738,1.229846063481042,0.25813248752937396,0.0,1.0,1.0,0.0,1.0,0.0,0.0,0.0,1.0,0.0,1.0,0.0,0.0,1.0,0.0,0.0,1.0,1
-0.2712060442175006,0.015990550388432185,-0.4254282484081714,0.2732312961117544,-0.24928015082708493,-0.3292062216142464,-0.2492612967237325,-0.17418786582751422,0.8081799990057271,-0.3192447336033025,-0.13278489857427755,-0.45922426629526536,0.0,1.0,1.0,0.0,1.0,0.0,0.0,0.0,0.0,1.0,1.0,0.0,0.0,1.0,0.0,1.0,0.0,1
-0.2954521824022184,-0.5544873301529852,-0.7824065800261797,0.2732312961117544,-0.5306821051889625,-0.4923752131497519,-0.5306584651924642,-0.23668123146805609,-1.1077829767083145,-0.9617287853353964,-0.882603196270768,-0.7828223334611453,0.0,1.0,1.0,0.0,1.0,0.0,0.0,0.0,1.0,0.0,1.0,0.0,0.0,1.0,0.0,0.0,1.0,0
-0.5903376468109477,-0.13962541822448443,-1.1750827448059888,0.2732312961117544,-0.6216418778819263,-0.6718611038388078,-0.6216066602183203,-1.3117154587347026,0.7259885923697227,-2.0286878774554675,-1.209361195186551,-1.1653114394400703,0.0,1.0,1.0,0.0,1.0,0.0,0.0,0.0,1.0,0.0,1.0,0.0,0.0,1.0,0.0,0.0,1.0,1
-0.4920424920080379,-0.5544873301529852,-0.841902968629181,0.2732312961117544,-0.7166305331813926,-0.5195700450723362,-0.7166101115795809,-0.8655725292917734,-1.1077829767083145,-1.0916521654395093,-1.6269046830757703,-0.8388929493786207,0.0,1.0,0.0,1.0,1.0,0.0,0.0,0.0,1.0,0.0,1.0,0.0,0.0,1.0,0.0,0.0,1.0,1
-0.23958776942256466,0.24445531309926363,-0.13984558311376483,0.2732312961117544,-0.11586215374251632,-0.19867102838584208,-0.11584977697318591,-0.0963005897413373,0.895106960789224,0.07989945598767988,0.1380867458972512,-0.21488536934742478,0.0,1.0,0.0,1.0,1.0,0.0,0.0,0.0,1.0,0.0,1.0,0.0,0.0,1.0,0.0,1.0,0.0,1
-0.11606352488690806,-0.5544873301529852,-0.5920181364965753,0.2732312961117544,-0.36100416464587004,-0.40535175099748233,-0.36098251112017354,0.17525931420591231,-1.1077829767083145,-0.594155590493605,-0.3950659037666142,-0.6075849378914553,0.0,1.0,0.0,1.0,1.0,0.0,0.0,0.0,0.0,1.0,0.0,1.0,0.0,1.0,0.0,0.0,1.0,1
-0.3265789814231398,-0.5544873301529852,-0.6872123582613775,0.2732312961117544,-0.5601239396210973,-0.44886348207361715,-0.5601045935644359,-0.3207856567528166,-1.1077829767083145,-0.7696709506980769,-0.9821419385032523,-0.6944212842916228,1.0,0.0,1.0,0.0,1.0,0.0,0.0,0.0,1.0,0.0,1.0,0.0,0.0,1.0,0.0,0.0,1.0,1
0.04022577124971845,-0.5544873301529852,-1.2107805779677896,0.2732312961117544,-0.21317516439188808,-0.6881780029923584,-0.21312685788158645,0.462213238678784,-1.1077829767083145,-2.160288844874668,-0.055451993749438724,-1.2016084643704257,0.0,1.0,0.0,1.0,0.0,1.0,0.0,0.0,1.0,0.0,1.0,0.0,0.0,1.0,0.0,0.0,1.0,1
0.06840371562655258,-0.5544873301529852,-0.020852805907762065,0.2732312961117544,-0.18652255637963977,-0.14428136454067358,-0.18651652493872464,0.5087421279364065,-1.1077829767083145,0.22561194869847703,-0.0003844143860791762,-0.11656293056478892,0.0,1.0,0.0,1.0,1.0,0.0,0.0,0.0,1.0,0.0,1.0,0.0,0.0,1.0,0.0,0.0,1.0,1
-0.45190530379684973,0.6220377951842305,-0.3064354712021687,0.2732312961117544,-0.14561390222130513,-0.27481655776907804,-0.1455963584734997,-0.7148163588263508,0.9950094839336483,-0.14335063876429482,0.08105045457412062,-0.3559335987420099,1.0,0.0,0.0,1.0,1.0,0.0,0.0,0.0,1.0,0.0,1.0,0.0,1.0,0.0,0.0,0.0,1.0,0
-0.22992207920027855,0.22359251291159787,-0.020852805907762065,0.2732312961117544,-0.11617206778917037,-0.14428136454067358,-0.11616400445698218,-0.07325030640655872,0.8882775053772475,0.22561194869847703,0.1375016567967157,-0.11656293056478892,1.0,0.0,1.0,0.0,1.0,0.0,0.0,0.0,1.0,0.0,1.0,0.0,0.0,1.0,0.0,1.0,0.0,1
-0.5693680137863268,0.00778223556049812,-0.5444210256141742,0.2732312961117544,-0.5350209018421191,-0.3835958854594149,-0.53500599613266,-1.2051853100207839,0.804439920587457,-0.5117562072339227,-0.8969373810003096,-0.5647364079601584,1.0,0.0,0.0,1.0,1.0,0.0,0.0,0.0,0.0,1.0,1.0,0.0,0.0,1.0,0.0,1.0,0.0,1
-0.3796583650167111,-0.5544873301529852,-0.3064354712021687,0.2732312961117544,-0.6103300151790534,-0.27481655776907804,-0.6103258935500321,-0.475641084763258,-1.1077829767083145,-0.14335063876429482,-1.1654154640025738,-0.3559335987420099,1.0,0.0,1.0,0.0,1.0,0.0,0.0,0.0,1.0,0.0,1.0,0.0,0.0,1.0,0.0,1.0,0.0,1
-0.19224226985916312,-0.5544873301529852,-0.4016296929669709,0.2732312961117544,-0.4330591804929367,-0.31832828884521275,-0.4330464952670862,0.013473104713117235,-1.1077829767083145,-0.2828311362010103,-0.5865421043226392,-0.4383914303564882,1.0,0.0,1.0,0.0,1.0,0.0,0.0,0.0,1.0,0.0,1.0,0.0,0.0,1.0,0.0,1.0,0.0,0
-0.1290057202692912,-0.5544873301529852,-0.13984558311376483,0.2732312961117544,-0.37324576948870497,-0.19867102838584208,-0.37324082657709395,0.14893550483422718,-1.1077829767083145,0.07989945598767988,-0.42622049363217274,-0.21488536934742478,0.0,1.0,0.0,1.0,0.0,0.0,1.0,0.0,1.0,0.0,1.0,0.0,0.0,1.0,0.0,0.0,1.0,0
0.9987673558360934,-0.5544873301529852,1.6688446304174769,0.2732312961117544,0.6934783790945357,0.6280518620607187,0.6934487033761627,1.5650343814834076,-1.1077829767083145,1.6178093218591358,1.2497519725162192,1.1012514137971803,1.0,0.0,0.0,1.0,0.0,1.0,0.0,0.0,1.0,0.0,0.0,1.0,1.0,0.0,0.0,0.0,1.0,0
-0.4415843125425442,-0.1553580216446914,-0.580118858775975,0.2732312961117544,-0.4880689237740306,-0.39991278461296553,-0.48805137063272175,-0.678307190178955,0.7160142459206054,-0.5732414864740824,-0.7474658493558628,-0.5968376707422236,0.0,1.0,0.0,1.0,0.0,0.0,1.0,0.0,1.0,0.0,1.0,0.0,0.0,1.0,0.0,1.0,0.0,1
-0.5359476611533376,-0.010344459684522937,-0.5920181364965753,0.2732312961117544,-0.5116223913197384,-0.40535175099748233,-0.5116050880106002,-1.0492097310837654,0.795983504156993,-0.594155590493605,-0.8209277303784762,-0.6075849378914553,0.0,1.0,0.0,1.0,1.0,0.0,0.0,0.0,1.0,0.0,1.0,0.0,0.0,1.0,0.0,1.0,0.0,1
-0.3337872927753532,0.19794152907430393,-0.12794630539316454,0.2732312961117544,-0.22603659732803116,-0.19323206200132526,-0.22602783311016147,-0.34093022873180656,0.8796252530061652,0.09494828640563074,-0.08262786220786601,-0.2049639797343117,0.0,1.0,0.0,1.0,1.0,0.0,0.0,0.0,1.0,0.0,1.0,0.0,0.0,1.0,1.0,0.0,0.0,0
0.4384849734595078,0.21504218496583322,0.40752119203384785,0.2732312961117544,0.5121786618019164,0.0515214253019329,0.5121893772642019,1.0174575185401453,0.8854255133502299,0.6778110824203202,1.0527444747128432,0.22192475498482392,0.0,1.0,0.0,1.0,0.0,1.0,0.0,0.0,1.0,0.0,1.0,0.0,0.0,1.0,0.0,0.0,1.0,1
-0.3352617200973968,0.4233281737246601,-0.020852805907762065,0.2732312961117544,-0.12531453216546487,-0.14428136454067358,-0.1253067328896315,-0.34508312718268375,0.9472547516896233,0.22561194869847703,0.12015712290778575,-0.11656293056478892,0.0,1.0,0.0,1.0,0.0,0.0,1.0,0.0,0.0,1.0,1.0,0.0,0.0,1.0,0.0,0.0,1.0,1
-0.4756599662075529,0.743794465131919,-0.3064354712021687,0.2732312961117544,-0.11291797029930285,-0.27481655776907804,-0.11289948221436388,-0.8022602746159628,1.020430702970239,-0.14335063876429482,0.14363581420004165,-0.3559335987420099,0.0,1.0,0.0,1.0,1.0,0.0,0.0,0.0,1.0,0.0,1.0,0.0,0.0,1.0,0.0,0.0,1.0,1
-0.38899640472298747,-0.5544873301529852,-0.5563203033347744,0.2732312961117544,-0.6191625655086939,-0.3890348518439318,-0.6191496595641978,-0.5045578545335446,-1.1077829767083145,-0.532045999180452,-1.1996388581059778,-0.5754135079124764,0.0,1.0,0.0,1.0,0.0,0.0,0.0,1.0,1.0,0.0,1.0,0.0,0.0,1.0,0.0,0.0,1.0,1
-0.4578030130850243,0.6251159132447058,0.2290320262248437,-2.5228356340985316,-0.1497977418511348,0.86736638297946,-0.14987071315034575,-0.7360710484416207,0.9956839729539555,0.5014094565867142,0.07288573837873774,1.4245262949353596,0.0,1.0,0.0,1.0,1.0,0.0,0.0,0.0,0.0,1.0,0.0,1.0,1.0,0.0,1.0,0.0,0.0,0
-0.07510721038569566,-0.5544873301529852,-0.21124124943736647,0.2732312961117544,-0.32226490881411374,-0.23130482669294317,-0.32225591076101184,0.2557361816140205,-1.1077829767083145,-0.012803201343461017,-0.29982042609416903,-0.2748387690787142,0.0,1.0,0.0,1.0,0.0,1.0,0.0,0.0,1.0,0.0,1.0,0.0,1.0,0.0,1.0,0.0,0.0,0
-0.2027270863714735,-0.5544873301529852,-0.3540325820845698,0.2732312961117544,-0.4429764299858663,-0.29657242330714534,-0.44296575298845964,-0.01017592587738517,-1.1077829767083145,-0.2118985141187817,-0.6145310567710509,-0.3969892817716717,1.0,0.0,1.0,0.0,1.0,0.0,0.0,0.0,1.0,0.0,1.0,0.0,1.0,0.0,0.0,1.0,0.0,0
0.052840316116091864,1.0170629462785572,1.3356648542406693,0.2732312961117544,0.5107840485919731,0.4757608032942471,0.5107611487830562,0.48321571143093,1.0697436639092617,1.4084864903813301,1.0511440563537995,0.8838558598574144,0.0,1.0,0.0,1.0,1.0,0.0,0.0,0.0,1.0,0.0,1.0,0.0,0.0,1.0,0.0,1.0,0.0,0
-0.3609822856041582,0.21641023743715557,-0.23503980487856702,-2.5228356340985316,-0.24339178394065797,0.44312700498714586,-0.24343388346943837,-0.4193757717578354,0.8858839541863562,-0.04466490062062163,-0.1199482972196264,0.8359908412562078,0.0,1.0,1.0,0.0,1.0,0.0,0.0,0.0,0.0,1.0,1.0,0.0,1.0,0.0,0.0,0.0,1.0,0
0.8758984123324562,-0.5544873301529852,1.9782258511530841,0.2732312961117544,0.5772606115992669,0.7694649880581569,0.5772163875685085,1.4604040551475688,-1.1077829767083145,1.7946426916899505,1.1259205445315268,1.2948414186038952,0.0,1.0,0.0,1.0,0.0,1.0,0.0,0.0,1.0,0.0,1.0,0.0,0.0,1.0,0.0,0.0,1.0,1
0.2779362206147552,-0.5544873301529852,-0.2469390825991673,-4.386880254238722,0.01166747645562532,3.1517322644765366,0.01141838024483855,0.816870784889593,-1.1077829767083145,-0.06078440959636888,0.3642900822894511,3.757014612760519,0.0,1.0,0.0,1.0,0.0,0.0,0.0,1.0,0.0,1.0,0.0,1.0,0.0,1.0,0.0,0.0,1.0,1
-0.18077450179882365,-0.5544873301529852,-0.11604702767256427,0.2732312961117544,-0.4222121888600449,-0.18779309561680843,-0.42220952111358434,0.0389330677935728,-1.1077829767083145,0.10988686799186656,-0.5564098884049444,-0.19506261312090575,1.0,0.0,1.0,0.0,1.0,0.0,0.0,0.0,1.0,0.0,1.0,0.0,1.0,0.0,0.0,1.0,0.0,0
-0.3596716835401194,0.4941248891155914,0.31232697026904566,0.2732312961117544,-0.1163270248124974,0.008009694225798161,-0.11633101851686306,-0.4155029009088941,0.9652984877805847,0.5856323478224004,0.13720904232290485,0.14869764197618301,0.0,1.0,0.0,1.0,1.0,0.0,0.0,0.0,1.0,0.0,1.0,0.0,0.0,1.0,0.0,0.0,1.0,1
-0.5780507524605839,0.08678726577936348,-0.580118858775975,0.2732312961117544,-0.5074385516899087,-0.39991278461296553,-0.5074215579900296,-1.24841181567468,0.838369977960022,-0.5732414864740824,-0.8076620787293439,-0.5968376707422236,0.0,1.0,0.0,1.0,0.0,0.0,1.0,0.0,0.0,1.0,0.0,1.0,0.0,1.0,0.0,1.0,0.0,1
-0.3118347082027033,-0.5544873301529852,-0.7705073023055794,-0.6587910139583409,-0.546177807521665,-0.3988249913360621,-0.5461620187943671,-0.2803779543424496,-1.1077829767083145,-0.9367087503711017,-0.9343188678287386,-0.5946910395586761,0.0,1.0,1.0,0.0,1.0,0.0,0.0,0.0,1.0,0.0,1.0,0.0,0.0,1.0,0.0,1.0,0.0,1
-0.10623400940661709,-0.5544873301529852,-0.6039174142171756,0.2732312961117544,-0.3517067432462485,-0.4107907173819992,-0.3516843907400578,0.19495786163422796,-1.1077829767083145,-0.6152864248387256,-0.3717524023880279,-0.618355799499025,0.0,1.0,0.0,1.0,0.0,0.0,0.0,1.0,0.0,1.0,1.0,0.0,1.0,0.0,0.0,1.0,0.0,0
-0.02251930256613895,0.052243940878474296,0.49081613607804975,0.2732312961117544,0.002370055056003815,0.08959418999355091,0.0023630328796010484,0.3533015308262744,0.8240798953042489,0.7551848680986367,0.3487082991358969,0.2851139972850881,0.0,1.0,0.0,1.0,0.0,0.0,0.0,1.0,1.0,0.0,0.0,1.0,0.0,1.0,0.0,1.0,0.0,1
-0.2708783937014909,-0.5544873301529852,-0.3897304152463706,2.1372759162519452,-0.5074385516899087,-0.4665401228232969,-0.5074162849945825,-0.17336036283282602,-1.1077829767083145,-0.26486531719390427,-0.8076620787293439,-0.7301423221785914,0.0,1.0,1.0,0.0,1.0,0.0,0.0,0.0,1.0,0.0,1.0,0.0,0.0,1.0,0.0,0.0,1.0,0
-0.2708783937014909,1.0700749795422981,0.35992408115144675,0.2732312961117544,0.22860730911346044,0.029765559763865475,0.2286115561476452,-0.17336036283282602,1.0783083933309436,0.6322425432713717,0.6947293160283451,0.1854478174967656,0.0,1.0,1.0,0.0,1.0,0.0,0.0,0.0,1.0,0.0,1.0,0.0,0.0,1.0,0.0,0.0,1.0,0
-0.7213978532148273,0.4790763119310456,-0.4254282484081714,0.2732312961117544,-0.4652902413449579,-0.3292062216142464,-0.4652776261324308,-2.223017434931515,0.9615672122619039,-0.3192447336033025,-0.6791109736865549,-0.45922426629526536,0.0,1.0,0.0,1.0,0.0,1.0,0.0,0.0,1.0,0.0,0.0,1.0,0.0,1.0,0.0,0.0,1.0,0
-0.36638851911831827,0.8135651411693586,0.40752119203384785,-0.6587910139583409,0.022049597018536,0.2473242151445394,0.02203066022499556,-0.43545434132406635,1.0339439718205798,0.6778110824203202,0.38153489926033285,0.538558838736257,0.0,1.0,0.0,1.0,0.0,0.0,0.0,1.0,1.0,0.0,1.0,0.0,1.0,0.0,0.0,1.0,0.0,0
-0.3391935262895132,0.18631308306806402,-0.18744269399616592,0.2732312961117544,-0.23641871789094185,-0.22042689392390952,-0.23640810129063886,-0.3562121748606763,0.875605314250149,0.018568298456255856,-0.10486220676508555,-0.2547727881754173,0.0,1.0,0.0,1.0,0.0,0.0,0.0,1.0,0.0,1.0,0.0,1.0,0.0,1.0,0.0,1.0,0.0,1
-0.25515116893302536,-0.5544873301529852,-0.41352897068757116,0.2732312961117544,-0.4925626774505143,-0.3237672552297296,-0.4925512803801283,-0.1341504490484152,-1.1077829767083145,-0.300956653470836,-0.7612566073414835,-0.4487967905490243,1.0,0.0,1.0,0.0,1.0,0.0,0.0,0.0,1.0,0.0,1.0,0.0,0.0,1.0,0.0,1.0,0.0,1
-0.49286161829806213,-0.5544873301529852,-0.21124124943736647,0.2732312961117544,-0.7174053182980277,-0.23130482669294317,-0.7174077328500941,-0.8688069854938901,-1.1077829767083145,-0.012803201343461017,-1.6307327064059896,-0.2748387690787142,0.0,1.0,0.0,1.0,0.0,1.0,0.0,0.0,1.0,0.0,0.0,1.0,0.0,1.0,0.0,1.0,0.0,1
-0.6594719056889942,0.088839344486347,0.2528305816660443,0.2732312961117544,-0.583522450143478,-0.019185137696786092,-0.5835377853320911,-1.7259584841506046,0.8391945131996053,0.525830194774769,-1.065286591874432,0.10236938939904558,1.0,0.0,0.0,1.0,0.0,0.0,1.0,0.0,1.0,0.0,1.0,0.0,0.0,1.0,0.0,0.0,1.0,0
0.09772843680942066,0.21504218496583322,1.4189597982848712,0.2732312961117544,0.18986805328170417,0.5138335679858651,0.1898328715069226,0.5557271417764572,0.8854255133502299,1.4628659067907284,0.6399168020640469,0.9391144946142264,0.0,1.0,0.0,1.0,1.0,0.0,0.0,0.0,1.0,0.0,1.0,0.0,0.0,1.0,0.0,1.0,0.0,0
-0.23188798229633673,-0.5544873301529852,-1.1393849116441879,-1.5908133240284363,-0.4705587801380767,-0.5195700450723362,-0.47053125139234064,-0.07791083980788827,-1.1077829767083145,-1.905067770582251,-0.694696257532366,-0.8388929493786207,0.0,1.0,0.0,1.0,0.0,1.0,0.0,0.0,1.0,0.0,1.0,0.0,0.0,1.0,0.0,0.0,1.0,1
-0.4976125507802028,0.3111478710762279,-0.11604702767256427,0.2732312961117544,-0.32970284593381094,-0.18779309561680843,-0.32969750629508154,-0.887700972599437,0.9158008238666603,0.10988686799186656,-0.31772843110058746,-0.19506261312090575,0.0,1.0,1.0,0.0,1.0,0.0,0.0,0.0,1.0,0.0,1.0,0.0,0.0,1.0,0.0,1.0,0.0,1
-0.3391935262895132,0.12953890550818672,-0.5563203033347744,0.2732312961117544,-0.262141583763228,-0.3890348518439318,-0.26211836619429757,-0.3562121748606763,0.8550263012689808,-0.532045999180452,-0.1611387455899825,-0.5754135079124764,0.0,1.0,0.0,1.0,0.0,0.0,1.0,0.0,0.0,1.0,1.0,0.0,0.0,1.0,0.0,1.0,0.0,1
-0.4756599662075529,0.16989645341219586,-0.49682391473177306,0.2732312961117544,-0.37293585544205093,-0.3618400199213476,-0.37291799012113885,-0.8022602746159628,0.8698214031857333,-0.43255762089003547,-0.4254252133570736,-0.5222588656271877,0.0,1.0,0.0,1.0,1.0,0.0,0.0,0.0,1.0,0.0,1.0,0.0,0.0,1.0,0.0,1.0,0.0,1
0.5181040488498647,-0.5544873301529852,0.7644995236518561,0.2732312961117544,0.2388344726530441,0.21469041683743842,0.23882437981963375,1.1080721753071288,-1.1077829767083145,0.9905308203319032,0.708930926577632,0.48718532752579613,0.0,1.0,1.0,0.0,1.0,0.0,0.0,0.0,1.0,0.0,1.0,0.0,0.0,1.0,0.0,0.0,1.0,1
0.047761733117941525,0.8706813318470665,0.34802480343084646,0.2732312961117544,0.4396587748848686,0.024326593379348647,0.43966954804148056,0.4747943285181693,1.0445029639064678,0.6206894966924292,0.9676158918402913,0.17628604921018853,0.0,1.0,0.0,1.0,1.0,0.0,0.0,0.0,1.0,0.0,1.0,0.0,0.0,1.0,0.0,1.0,0.0,1
-0.4006279980413318,0.43735071155571414,-0.17554341627556563,0.2732312961117544,-0.18078914651653985,-0.2149879275393927,-0.18077735364905836,-0.5413474670832047,0.9509301777622678,0.03407489232129134,0.0112487344733001,-0.24477049013043256,0.0,1.0,0.0,1.0,1.0,0.0,0.0,0.0,1.0,0.0,1.0,0.0,0.0,1.0,0.0,1.0,0.0,1
0.13868475131063304,1.3792548380611478,0.50271541379865,-2.5228356340985316,0.7560810165186539,1.1175588366672353,0.7560144085402674,0.6190549032672866,1.1232858717266807,0.7660024386492361,1.3131493702771235,1.7411603786867929,0.0,1.0,0.0,1.0,0.0,0.0,1.0,0.0,1.0,0.0,1.0,0.0,0.0,1.0,0.0,1.0,0.0,1
-0.3490230417698042,0.06797654429868126,-0.7705073023055794,0.2732312961117544,-0.299331269361714,-0.48693624676523506,-0.299301377845386,-0.38438912497933186,0.8306864679801123,-0.9367087503711017,-0.24567851324070122,-0.7716846998658348,0.0,1.0,0.0,1.0,0.0,0.0,1.0,0.0,0.0,1.0,1.0,0.0,0.0,1.0,0.0,0.0,1.0,1
-0.20813331988563355,-0.5544873301529852,-0.2826369157609681,0.2732312961117544,-0.4480900117556581,-0.2639386250000443,-0.44808206514243654,-0.022512274827195467,-1.1077829767083145,-0.10992190212549849,-0.6291312951538419,-0.335533879156789,0.0,1.0,1.0,0.0,1.0,0.0,0.0,0.0,1.0,0.0,1.0,0.0,0.0,1.0,0.0,1.0,0.0,1
-0.2921756772421214,-0.5544873301529852,-1.4368668546591947,-3.4548579441686273,-0.5275829647224219,-0.5195700450723362,-0.5275570829722552,-0.2280876449564673,-1.1077829767083145,-3.2788736632267335,-0.872432568628603,-0.8388929493786207,0.0,1.0,1.0,0.0,1.0,0.0,0.0,0.0,0.0,1.0,1.0,0.0,0.0,1.0,0.0,1.0,0.0,1
0.22583978856921302,-0.5544873301529852,-0.21124124943736647,0.2732312961117544,-0.03760885696236866,-0.23130482669294317,-0.03759163735801418,0.7457839288847058,-1.1077829767083145,-0.012803201343461017,0.2801578120547918,-0.2748387690787142,0.0,1.0,1.0,0.0,1.0,0.0,0.0,0.0,1.0,0.0,1.0,0.0,0.0,1.0,0.0,0.0,1.0,0
-0.4782811703356305,0.2328268670930237,-0.10414774995196399,0.2732312961117544,-0.3469030755231107,-0.1823541292322916,-0.3468986631169789,-0.8122182266679576,0.891322682313824,0.12471680438712059,-0.3598220731085559,-0.18518118885052978,1.0,0.0,0.0,1.0,1.0,0.0,0.0,0.0,1.0,0.0,1.0,0.0,0.0,1.0,0.0,1.0,0.0,1
-0.5613405761440893,-0.213500251675891,-1.1393849116441879,0.2732312961117544,-0.6276852017916802,-0.6555442046852573,-0.6276514500196242,-1.1662650016833969,0.6753980740429645,-1.905067770582251,-1.233277306476143,-1.129280980133303,0.0,1.0,0.0,1.0,1.0,0.0,0.0,0.0,1.0,0.0,1.0,0.0,0.0,1.0,0.0,1.0,0.0,1
-0.19912293069536682,-0.5544873301529852,-0.36593185980517007,-2.5228356340985316,-0.4395673754726717,0.3234697445277752,-0.4396056711548786,-0.0020058501009814975,-1.1077829767083145,-0.22940168825346138,-0.6048616598995563,0.6563788350607629,0.0,1.0,0.0,1.0,1.0,0.0,0.0,0.0,0.0,1.0,1.0,0.0,0.0,1.0,0.0,1.0,0.0,1
-0.5970544823891465,0.6565811200851197,-0.17554341627556563,0.2732312961117544,-0.2672551655330198,-0.2149879275393927,-0.26724587001208105,-1.3474453674170772,1.0024795423322155,0.03407489232129134,-0.17253473330269467,-0.24477049013043256,0.0,1.0,0.0,1.0,1.0,0.0,0.0,0.0,1.0,0.0,1.0,0.0,0.0,1.0,0.0,1.0,0.0,1
-0.18274040489488186,0.5615014733282169,-0.1517448608343651,-2.5228356340985316,0.08155309397611364,0.5192725343703819,0.08151435335624861,0.03459806685039067,0.981373396595413,0.06473873732769238,0.4773637087806303,0.9469580222508295,0.0,1.0,0.0,1.0,0.0,0.0,1.0,0.0,0.0,1.0,1.0,0.0,0.0,1.0,0.0,0.0,1.0,1
-0.09181738670219032,0.7472145963102249,0.06244213813643986,0.2732312961117544,0.2516959055891872,-0.10620859984905567,0.2517115806927549,0.22340407317761976,1.02110986362774,0.3217492871772336,0.7266360154111589,-0.048891161235726906,0.0,1.0,1.0,0.0,1.0,0.0,0.0,0.0,1.0,0.0,1.0,0.0,0.0,1.0,0.0,1.0,0.0,1
1.35099166054652,-0.5544873301529852,-0.21124124943736647,0.2732312961117544,1.0266359792476396,-0.23130482669294317,1.0266839368019138,1.830940242751932,-1.1077829767083145,-0.012803201343461017,1.5644552107025487,-0.2748387690787142,0.0,1.0,0.0,1.0,1.0,0.0,0.0,0.0,1.0,0.0,1.0,0.0,0.0,1.0,0.0,0.0,1.0,1
-0.1231080109811166,0.6709456710340044,-0.21124124943736647,0.2732312961117544,0.1875436979317988,-0.23130482669294317,0.18756742048333344,0.16098657961750007,1.0055233897566866,-0.012803201343461017,0.6365754374134076,-0.2748387690787142,0.0,1.0,0.0,1.0,1.0,0.0,0.0,0.0,1.0,0.0,1.0,0.0,0.0,1.0,0.0,1.0,0.0,1
-0.26006592667317086,-0.2966094393087234,0.16953563762184234,0.2732312961117544,-0.38037379256174814,-0.05725790238840411,-0.3803802471883897,-0.14629744280891666,0.6033464318201044,0.43904657575501027,-0.4446076515741594,0.03676596980202078,0.0,1.0,0.0,1.0,1.0,0.0,0.0,0.0,1.0,0.0,1.0,0.0,0.0,1.0,0.0,0.0,1.0,1
-0.38522842378887595,-0.20221381878748168,-0.5444210256141742,0.2732312961117544,-0.4559928199453364,-0.3835958854594149,-0.45597563171484357,-0.49282475051916047,0.68379817622117,-0.5117562072339227,-0.6519261378068031,-0.5647364079601584,0.0,1.0,0.0,1.0,0.0,1.0,0.0,0.0,1.0,0.0,1.0,0.0,0.0,1.0,0.0,0.0,1.0,1
0.9851698594216909,-0.16938055947574543,0.9429886894608602,0.2732312961117544,0.8550985544246229,0.29627491260519107,0.8550998040506245,1.553796481620413,0.7067872197233583,1.1305703164157326,1.4091585606709875,0.6146243235288545,0.0,1.0,0.0,1.0,0.0,0.0,1.0,0.0,1.0,0.0,1.0,0.0,0.0,1.0,0.0,0.0,1.0,1
0.31610750572988516,-0.5544873301529852,-0.3064354712021687,0.2732312961117544,0.04777246289082217,-0.27481655776907804,0.04779559210186288,0.8669638591990013,-1.1077829767083145,-0.14335063876429482,0.42357592360439517,-0.3559335987420099,0.0,1.0,1.0,0.0,1.0,0.0,0.0,0.0,0.0,1.0,1.0,0.0,0.0,1.0,1.0,0.0,0.0,0
-0.26268713080124845,0.6767598940371243,0.8358951899754578,0.2732312961117544,0.058154583453732846,0.2473242151445394,0.05813668945901758,-0.15281493447478042,1.0067452944621726,1.047705797711511,0.44027535901543985,0.538558838736257,0.0,1.0,0.0,1.0,0.0,0.0,1.0,0.0,1.0,0.0,1.0,0.0,1.0,0.0,0.0,0.0,1.0,0
-0.5459410018916334,-0.2966094393087234,-0.6158166919377758,2.1372759162519452,-0.6507737982674069,-0.5440453938026619,-0.6507495375459981,-1.0942286574477134,0.6033464318201044,-0.6366385284875709,-1.3276297319599675,-0.8899103119560823,0.0,1.0,0.0,1.0,0.0,0.0,0.0,1.0,0.0,1.0,1.0,0.0,0.0,1.0,0.0,1.0,0.0,1
-0.014328039665896469,-0.5544873301529852,-0.11604702767256427,0.2732312961117544,-0.2647758531597874,-0.18779309561680843,-0.2647686382733853,0.3679612022232601,-1.1077829767083145,0.10988686799186656,-0.1670005731478291,-0.19506261312090575,0.0,1.0,1.0,0.0,1.0,0.0,0.0,0.0,1.0,0.0,1.0,0.0,0.0,1.0,0.0,0.0,1.0,1
-0.40537893052347246,0.24342927374577186,-0.08034919451076344,0.2732312961117544,-0.2731435324194468,-0.17147619646325785,-0.2731378505575661,-0.5566287841113607,0.8947752757942,0.15405698348110242,-0.18574559694810766,-0.16547784714012068,1.0,0.0,0.0,1.0,1.0,0.0,0.0,0.0,1.0,0.0,1.0,0.0,0.0,1.0,0.0,1.0,0.0,1
-0.3000392896263542,0.8525546366020454,0.07434141585704014,0.2732312961117544,0.10247229212526202,-0.10076963346453885,0.10248322684344637,-0.24879278061530105,1.0411984429276948,0.3351205302800961,0.5098996064645056,-0.039299514990576837,0.0,1.0,0.0,1.0,1.0,0.0,0.0,0.0,0.0,1.0,1.0,0.0,1.0,0.0,1.0,0.0,0.0,0
0.33543888617445744,-0.5544873301529852,-0.21124124943736647,0.2732312961117544,0.06605739164341112,-0.23130482669294317,0.06607760537829797,0.8917290316867542,-1.1077829767083145,-0.012803201343461017,0.45288584531487747,-0.2748387690787142,1.0,0.0,1.0,0.0,0.0,1.0,0.0,0.0,1.0,0.0,0.0,1.0,0.0,1.0,0.0,1.0,0.0,1
-0.05790555829518646,-0.5544873301529852,-0.3302340266433692,0.2732312961117544,-0.3059944213647761,-0.2856944905381117,-0.30598064889479365,0.2883300876501864,-1.1077829767083145,-0.17733654659761747,-0.2612450907262738,-0.37641849485639894,0.0,1.0,1.0,0.0,1.0,0.0,0.0,0.0,1.0,0.0,1.0,0.0,0.0,1.0,0.0,1.0,0.0,1
1.5038406262650446,-0.5544873301529852,0.4670175806368492,-2.5228356340985316,1.1712108820117542,1.0849250383601339,1.171158846673739,1.9335179123984854,-1.1077829767083145,0.7333760263436212,1.685857291308732,1.7010008734825697,0.0,1.0,0.0,1.0,0.0,1.0,0.0,0.0,1.0,0.0,1.0,0.0,0.0,1.0,1.0,0.0,0.0,1
-0.36638851911831827,0.22632861785424258,0.09813997129824069,0.2732312961117544,-0.24401161203396607,-0.08989170069550519,-0.24401154550129414,-0.43545434132406635,0.8891835299317773,0.3616028150499546,-0.12129530049037261,-0.020172295864241425,1.0,0.0,0.0,1.0,1.0,0.0,0.0,0.0,1.0,0.0,1.0,0.0,0.0,1.0,0.0,1.0,0.0,1
-0.5225139899969399,-0.07635299142582604,-0.7229101914231782,0.2732312961117544,-0.5288226209090382,-0.46518038122716765,-0.5288010794492024,-0.9906799843115242,0.762613279931995,-0.839590049589066,-0.876494062408193,-0.7273852973846392,0.0,1.0,0.0,1.0,0.0,1.0,0.0,0.0,1.0,0.0,1.0,0.0,0.0,1.0,0.0,0.0,1.0,1
0.02695592535132563,0.17810476824012994,0.34802480343084646,0.2732312961117544,0.10619126068511063,0.024326593379348647,0.10619240249806687,0.43980853271125675,0.8727295529278646,0.6206894966924292,0.5156238936088886,0.17628604921018853,0.0,1.0,0.0,1.0,1.0,0.0,0.0,0.0,1.0,0.0,1.0,0.0,0.0,1.0,1.0,0.0,0.0,0
0.8198701740947977,-0.5544873301529852,1.3475641319612697,0.2732312961117544,0.5242653096214243,0.4811997696787639,0.5242423687351346,1.4102450290777093,-1.1077829767083145,1.4163443315754325,1.06655664840245,0.8917881582575481,1.0,0.0,1.0,0.0,1.0,0.0,0.0,0.0,1.0,0.0,1.0,0.0,0.0,1.0,0.0,0.0,1.0,1
0.04317462589380574,0.3576616551011876,0.40752119203384785,0.2732312961117544,0.20288444324117427,0.0515214253019329,0.2028862255427085,0.4671484302241809,0.9293106261950622,0.6778110824203202,0.6585169102808528,0.22192475498482392,0.0,1.0,0.0,1.0,1.0,0.0,0.0,0.0,1.0,0.0,1.0,0.0,0.0,1.0,1.0,0.0,0.0,1
-0.2027270863714735,-0.5544873301529852,-1.2107805779677896,0.2732312961117544,-0.4429764299858663,-0.6881780029923584,-0.442934760688688,-0.01017592587738517,-1.1077829767083145,-2.160288844874668,-0.6145310567710509,-1.2016084643704257,1.0,0.0,1.0,0.0,1.0,0.0,0.0,0.0,1.0,0.0,1.0,0.0,0.0,1.0,0.0,1.0,0.0,1
-0.5351285348633134,2.5167904679656767,-0.10414774995196399,0.2732312961117544,0.6341298391602851,-0.1823541292322916,0.6341625861559541,-1.0455769313013297,1.2427294764916275,0.12471680438712059,1.1875590425037659,-0.18518118885052978,1.0,0.0,1.0,0.0,1.0,0.0,0.0,0.0,1.0,0.0,1.0,0.0,1.0,0.0,0.0,1.0,0.0,1
-0.40079182329933666,-0.5544873301529852,-0.7705073023055794,0.2732312961117544,-0.6303194711882396,-0.48693624676523506,-0.6302991394070643,-0.5418719112586444,-1.1077829767083145,-0.9367087503711017,-1.2438005566305501,-0.7716846998658348,0.0,1.0,0.0,1.0,0.0,0.0,1.0,0.0,1.0,0.0,1.0,0.0,0.0,1.0,0.0,1.0,0.0,1
-0.18077450179882365,0.13432708915781494,0.5741110801222516,0.2732312961117544,-0.1101287438794164,0.12766695468516873,-0.11014202843189921,0.0389330677935728,0.8568266244302404,0.8297297272042946,0.14887740327705698,0.3474997215233134,0.0,1.0,0.0,1.0,1.0,0.0,0.0,0.0,0.0,1.0,1.0,0.0,0.0,1.0,1.0,0.0,0.0,1
-0.2803802586657722,-0.5544873301529852,-0.6277159696583761,0.2732312961117544,-0.5164260590428762,-0.42166865015103283,-0.5164076031293887,-0.19753896832757328,-1.1077829767083145,-0.6582165845181062,-0.8362777903489638,-0.6399687220805103,1.0,0.0,1.0,0.0,1.0,0.0,0.0,0.0,1.0,0.0,1.0,0.0,0.0,1.0,1.0,0.0,0.0,1
3.014309505069758,-0.5544873301529852,2.6683839589479,0.2732312961117544,2.5999146370869255,1.0849250383601339,2.599903866148773,2.693675483212455,-1.1077829767083145,2.1412886270149727,2.585514214724311,1.7010008734825697,0.0,1.0,0.0,1.0,0.0,0.0,0.0,1.0,1.0,0.0,1.0,0.0,0.0,1.0,1.0,0.0,0.0,1
-0.25203848903093323,0.006414183089175776,-0.21124124943736647,0.2732312961117544,-0.23548897575097968,-0.23130482669294317,-0.2354774714002722,-0.12650625013304123,0.8038112733308241,-0.012803201343461017,-0.10286005996324946,-0.2748387690787142,0.0,1.0,1.0,0.0,1.0,0.0,0.0,0.0,1.0,0.0,1.0,0.0,0.0,1.0,1.0,0.0,0.0,1
0.8370718261853068,0.7622631734947707,0.16953563762184234,-2.5228356340985316,1.1371203368798086,0.8129767191342915,1.137088839355274,1.4258179407893832,1.024077129567402,0.43904657575501027,1.6579455705786637,1.3529027529466255,0.0,1.0,0.0,1.0,0.0,1.0,0.0,0.0,1.0,0.0,0.0,1.0,1.0,0.0,0.0,0.0,1.0,0
0.11083445744980862,0.32414436955379017,0.43131974747504837,0.2732312961117544,0.2516959055891872,0.062399358070966554,0.25169823678590864,0.5762746107928876,0.9196473222220657,0.7002190800772985,0.7266360154111589,0.24006202330019372,0.0,1.0,0.0,1.0,1.0,0.0,0.0,0.0,1.0,0.0,1.0,0.0,0.0,1.0,1.0,0.0,0.0,0
2.4184770417061197,-0.5544873301529852,6.000181720715977,2.1372759162519452,2.0363359432465353,1.724003588540864,2.036258317089108,2.4364161420138726,-1.1077829767083145,3.2878940985738567,2.2810442517733325,2.4332219755395226,0.0,1.0,1.0,0.0,1.0,0.0,0.0,0.0,1.0,0.0,0.0,1.0,0.0,1.0,0.0,0.0,1.0,1
-0.5552790415979099,0.10525597414221513,-0.8538022463497813,0.2732312961117544,-0.4775318461877929,-0.525009011456853,-0.4775040883923636,-1.1375098491410598,0.8456976917474079,-1.1186606035515918,-0.7155293552304592,-0.8501843824219515,0.0,1.0,1.0,0.0,1.0,0.0,0.0,0.0,1.0,0.0,1.0,0.0,0.0,1.0,0.0,0.0,1.0,1
-0.4399460599624957,-0.5544873301529852,-0.9013993572321825,0.2732312961117544,-0.6673541997633986,-0.5467648769949204,-0.6673302026995497,-0.672590278485347,-1.1077829767083145,-1.2304204768512392,-1.3985075392462152,-0.895611794865874,0.0,1.0,1.0,0.0,1.0,0.0,0.0,0.0,1.0,0.0,1.0,0.0,0.0,1.0,0.0,1.0,0.0,1
-0.31855154378090217,-0.5544873301529852,-1.4368668546591947,-3.4548579441686273,-0.552531045478073,-0.5195700450723362,-0.5525058842884679,-0.2986555083868743,-1.1077829767083145,-3.2788736632267335,-0.9559506040246454,-0.8388929493786207,0.0,1.0,0.0,1.0,1.0,0.0,0.0,0.0,1.0,0.0,0.0,1.0,0.0,1.0,0.0,1.0,0.0,1
-0.08329847328593815,-0.5544873301529852,-0.5206224701729736,0.2732312961117544,-0.330012759980465,-0.37271795269038127,-0.3299927940401286,0.2399712819322648,-1.1077829767083145,-0.47177243074140923,-0.3184784013485056,-0.5434516652839245,0.0,1.0,1.0,0.0,1.0,0.0,0.0,0.0,1.0,0.0,1.0,0.0,0.0,1.0,0.0,1.0,0.0,1
-0.22992207920027855,2.096114333034056,1.716441741299878,0.2732312961117544,0.732217634926292,0.6498077275987862,0.7321873562963469,-0.07325030640655872,1.2046968972208147,1.6460327103687429,1.2892404657750118,1.1315362352192722,0.0,1.0,0.0,1.0,0.0,0.0,0.0,1.0,1.0,0.0,1.0,0.0,0.0,1.0,0.0,1.0,0.0,0
-0.13441195378345122,-0.5544873301529852,-0.7348094691437785,0.2732312961117544,-0.37835935125849685,-0.4706193476116845,-0.37833303360902626,0.13780585237723655,-1.1077829767083145,-0.8634395292591737,-0.4393925901455563,-0.738422704720935,1.0,0.0,0.0,1.0,1.0,0.0,0.0,0.0,1.0,0.0,1.0,0.0,0.0,1.0,1.0,0.0,0.0,0
-0.34197855567559565,0.6425585822540657,-0.6872123582613775,0.2732312961117544,-0.0323403181692498,-0.44886348207361715,-0.03230572845250878,-0.3641438286786945,0.9994731514045894,-0.7696709506980769,0.28933934181552545,-0.6944212842916228,0.0,1.0,0.0,1.0,0.0,0.0,1.0,0.0,1.0,0.0,0.0,1.0,0.0,1.0,0.0,0.0,1.0,1
1.571991933595062,-0.5544873301529852,1.145276410711065,0.2732312961117544,1.2356730037157966,0.3887373411419776,1.2356779276206762,1.9771560186315378,-1.1077829767083145,1.2784595155269496,1.7375035892667614,0.7551632224800313,0.0,1.0,1.0,0.0,1.0,0.0,0.0,0.0,1.0,0.0,1.0,0.0,1.0,0.0,0.0,1.0,0.0,0
-0.19715702759930862,-0.06540857165524729,-0.19934197171676618,0.2732312961117544,-0.21611934783510156,-0.22586586030842634,-0.21610771449157218,0.0024324883102921956,0.7684530591878511,0.0029428789586896007,-0.06163757541668507,-0.26479551993847206,0.0,1.0,0.0,1.0,0.0,0.0,1.0,0.0,0.0,1.0,1.0,0.0,0.0,1.0,1.0,0.0,0.0,0
-0.05921616035922526,0.15792599428812537,0.4670175806368492,0.2732312961117544,0.015541402038800948,0.07871625722451704,0.015535621179786322,0.28587069648215424,0.8655207633699971,0.7333760263436212,0.37074367059538343,0.26714282154355196,0.0,1.0,0.0,1.0,0.0,0.0,1.0,0.0,1.0,0.0,1.0,0.0,0.0,1.0,1.0,0.0,0.0,0
0.0022183113925933404,-0.5544873301529852,0.26472985938664456,0.2732312961117544,-0.24912519380375792,-0.013746171312269262,-0.2491313012441345,0.39715784871846554,-1.1077829767083145,0.537931757097833,-0.1324459410972631,0.11167010401712162,0.0,1.0,1.0,0.0,1.0,0.0,0.0,0.0,1.0,0.0,1.0,0.0,0.0,1.0,0.0,0.0,1.0,1
0.25336243191402774,-0.5544873301529852,0.34802480343084646,-2.5228356340985316,-0.011576077043428444,0.976145710669797,-0.011653665140755031,0.7837446744086912,-1.1077829767083145,0.6206894966924292,0.32508487565306815,1.5647108458677668,0.0,1.0,1.0,0.0,1.0,0.0,0.0,0.0,1.0,0.0,0.0,1.0,0.0,1.0,0.0,1.0,0.0,1
-0.4432225651225927,0.14116735151442666,-0.2826369157609681,0.2732312961117544,-0.3552707547827701,-0.2639386250000443,-0.3552601273262168,-0.684045244345571,0.8593769338836245,-0.10992190212549849,-0.3806542954476323,-0.335533879156789,0.0,1.0,0.0,1.0,1.0,0.0,0.0,0.0,1.0,0.0,1.0,0.0,0.0,1.0,0.0,1.0,0.0,1
1.0408704471433399,-0.5544873301529852,0.49081613607804975,-2.5228356340985316,0.7333023340895811,1.1066809038982017,0.7332359291052891,1.5993238372100942,-1.1077829767083145,0.7551848680986367,1.2903340142258517,1.72781036911144,0.0,1.0,0.0,1.0,0.0,0.0,1.0,0.0,1.0,0.0,1.0,0.0,0.0,1.0,0.0,0.0,1.0,1
-0.5035102600683774,0.9797835164350234,-0.5444210256141742,0.2732312961117544,-0.0323403181692498,-0.3835958854594149,-0.03231089383580399,-0.9114802591619121,1.0635459373616254,-0.5117562072339227,0.28933934181552545,-0.5647364079601584,1.0,0.0,0.0,1.0,1.0,0.0,0.0,0.0,1.0,0.0,1.0,0.0,0.0,1.0,0.0,1.0,0.0,1
1.550203174280417,-0.5544873301529852,-0.9013993572321825,0.2732312961117544,1.215063719613302,-0.5467648769949204,1.2151420854330661,1.9633374283179823,-1.1077829767083145,-1.2304204768512392,1.7211490978760862,-0.895611794865874,1.0,0.0,0.0,1.0,0.0,0.0,1.0,0.0,1.0,0.0,1.0,0.0,0.0,1.0,0.0,0.0,1.0,1
-0.6332598644082182,-0.06711863724440022,-1.3773704660561934,0.2732312961117544,-0.6293897290482775,-0.7643235323755944,-0.6293474175349085,-1.5556362526548042,0.7675492545090117,-2.9202137271354696,-1.240079578403935,-1.3746383793666632,0.0,1.0,0.0,1.0,0.0,1.0,0.0,0.0,1.0,0.0,1.0,0.0,0.0,1.0,0.0,0.0,1.0,1
0.753029468828819,0.015306524152771011,0.9429886894608602,0.2732312961117544,0.7192012449668219,0.29627491260519107,0.7191985695517519,1.3482044490904317,0.8078703865787993,1.1305703164157326,1.2760668352191116,0.6146243235288545,1.0,0.0,1.0,0.0,1.0,0.0,0.0,0.0,1.0,0.0,1.0,0.0,0.0,1.0,1.0,0.0,0.0,0
-0.08903235731610788,-0.2706164423535989,-0.2469390825991673,0.2732312961117544,-0.20682192643548006,-0.24762172584649378,-0.20680830276563264,0.22883976288566868,0.628112526903582,-0.06078440959636888,-0.042174731570156554,-0.3050924651015713,0.0,1.0,0.0,1.0,1.0,0.0,0.0,0.0,1.0,0.0,1.0,0.0,0.0,1.0,0.0,1.0,0.0,1
0.143108033276764,-0.5544873301529852,-0.3302340266433692,0.2732312961117544,-0.11586215374251632,-0.2856944905381117,-0.11584288979545883,0.6257421732749622,-1.1077829767083145,-0.17733654659761747,0.1380867458972512,-0.37641849485639894,0.0,1.0,1.0,0.0,1.0,0.0,0.0,0.0,1.0,0.0,1.0,0.0,1.0,0.0,1.0,0.0,0.0,0
-0.4630454213411795,0.7280618617117122,0.07434141585704014,0.2732312961117544,-0.10811430257616507,-0.10076963346453885,-0.10810945010520567,-0.7552116838192041,1.0172833482326915,0.3351205302800961,0.15265371207363831,-0.039299514990576837,0.0,1.0,0.0,1.0,1.0,0.0,0.0,0.0,1.0,0.0,0.0,1.0,0.0,1.0,1.0,0.0,0.0,1
0.6163992036527745,-0.5544873301529852,1.1690749661522655,0.2732312961117544,0.33180868664925917,0.39961527391101126,0.33178664388204215,1.2131016446883682,-1.1077829767083145,1.2951736030945988,0.8332347458375219,0.7714356270881738,0.0,1.0,1.0,0.0,1.0,0.0,0.0,0.0,1.0,0.0,1.0,0.0,0.0,1.0,0.0,0.0,1.0,0
-0.511537697710615,-0.5544873301529852,-0.3897304152463706,0.2732312961117544,-0.7350704189573086,-0.31288932246069595,-0.7350668869908398,-0.9444434915062955,-1.1077829767083145,-0.26486531719390427,-1.7202495498995833,-0.42800809210674284,0.0,1.0,0.0,1.0,0.0,0.0,1.0,0.0,0.0,1.0,1.0,0.0,0.0,1.0,1.0,0.0,0.0,0
-0.35213572167189633,-0.5544873301529852,-1.1393849116441879,0.2732312961117544,-0.5842972352601131,-0.6555442046852573,-0.5842622303392544,-0.39341956661065214,-1.1077829767083145,-1.905067770582251,-1.068105168216762,-1.129280980133303,0.0,1.0,1.0,0.0,1.0,0.0,0.0,0.0,1.0,0.0,1.0,0.0,0.0,1.0,0.0,0.0,1.0,1
5.667623383716302,-0.5544873301529852,5.405217834685963,-2.5228356340985316,5.1095985868914235,5.599267137509118,5.10930302931586,3.4989793778347664,-1.1077829767083145,3.124939437458846,3.538602432308868,5.426695724761742,0.0,1.0,0.0,1.0,0.0,0.0,0.0,1.0,1.0,0.0,1.0,0.0,1.0,0.0,0.0,1.0,0.0,1
0.09772843680942066,-0.5544873301529852,0.16953563762184234,0.2732312961117544,-0.15878524920410228,-0.05725790238840411,-0.15878530382078676,0.5557271417764572,-1.1077829767083145,0.43904657575501027,0.05522299468401092,0.03676596980202078,0.0,1.0,0.0,1.0,0.0,1.0,0.0,0.0,1.0,0.0,1.0,0.0,0.0,1.0,1.0,0.0,0.0,1
0.6773421996305785,-0.5544873301529852,0.49081613607804975,0.2732312961117544,0.3894526993269125,0.08959418999355091,0.3894568570280431,1.274820818348188,-1.1077829767083145,0.7551848680986367,0.9062802353813393,0.2851139972850881,0.0,1.0,0.0,1.0,0.0,1.0,0.0,0.0,1.0,0.0,1.0,0.0,0.0,1.0,0.0,0.0,1.0,1
-0.39702384236522514,0.15792599428812537,-0.3064354712021687,0.2732312961117544,-0.30397998006152477,-0.27481655776907804,-0.3039670103068495,-0.5298543176548385,0.8655207633699971,-0.14335063876429482,-0.256524983798272,-0.3559335987420099,0.0,1.0,1.0,0.0,1.0,0.0,0.0,0.0,1.0,0.0,1.0,0.0,0.0,1.0,1.0,0.0,0.0,1
-0.13441195378345122,1.3693364576440608,1.2999670210788685,0.2732312961117544,0.4932739049560193,0.4594439041406966,0.4932517907578737,0.13780585237723655,1.1219582763440108,1.3847296321491551,1.0309303078180874,0.859981722762215,0.0,1.0,0.0,1.0,1.0,0.0,0.0,0.0,1.0,0.0,1.0,0.0,0.0,1.0,0.0,1.0,0.0,1
-0.5800166555566422,-0.19845167449134524,-0.5682195810553747,0.2732312961117544,-0.6385321934245719,-0.3944738182284487,-0.6385194164728978,-1.2583684364405252,0.6865385628335261,-0.5525397120498465,-1.277000851305842,-0.5861138949060333,0.0,1.0,0.0,1.0,1.0,0.0,0.0,0.0,0.0,1.0,1.0,0.0,0.0,1.0,0.0,1.0,0.0,1
0.4144026605327949,-0.5544873301529852,1.537952575490874,0.2732312961117544,0.1407466768870372,0.5682232318310334,0.1407057718827103,0.9889733582840943,-1.1077829767083145,1.5381182570038616,0.5679758411857375,1.0169911375489922,0.0,1.0,0.0,1.0,1.0,0.0,0.0,0.0,1.0,0.0,1.0,0.0,0.0,1.0,0.0,0.0,1.0,0
-0.37916688924269654,-0.11671053932983518,-0.2945361934815684,0.2732312961117544,-0.4115201542504802,-0.2693775913845611,-0.4115107209632312,-0.4741339762637316,0.7398600805561251,-0.12656776816830648,-0.5271843039824528,-0.34572313617690403,0.0,1.0,0.0,1.0,0.0,1.0,0.0,0.0,1.0,0.0,1.0,0.0,1.0,0.0,0.0,1.0,0.0,0
-0.20256326111346865,-0.059594348652127316,0.1457370821806418,0.2732312961117544,-0.21859866020833396,-0.06813583515743776,-0.21859958148293784,-0.009803623997192475,0.7715025454556513,0.41355740303033994,-0.06686269614367413,0.017859875146703487,0.0,1.0,0.0,1.0,0.0,0.0,1.0,0.0,1.0,0.0,1.0,0.0,0.0,1.0,1.0,0.0,0.0,1
0.6421197691595358,-0.5544873301529852,-0.841902968629181,-2.5228356340985316,0.35613693931160206,-0.11164756623357251,0.3561560613719673,1.239449818632929,-1.1077829767083145,-1.0916521654395093,0.864418171509649,-0.05850159622205884,0.0,1.0,0.0,1.0,1.0,0.0,0.0,0.0,1.0,0.0,1.0,0.0,0.0,1.0,0.0,0.0,1.0,1
-0.27792287979569946,0.52832620089865,0.43131974747504837,0.2732312961117544,-0.023507767839609374,0.062399358070966554,-0.023513385186722705,-0.19124966876233299,0.9735833413027929,0.7002190800772985,0.3046296531103457,0.24006202330019372,0.0,1.0,0.0,1.0,1.0,0.0,0.0,0.0,1.0,0.0,1.0,0.0,0.0,1.0,1.0,0.0,0.0,1
-0.13441195378345122,-0.5544873301529852,-0.4016296929669709,0.2732312961117544,-0.37835935125849685,-0.31832828884521275,-0.3783450861700486,0.13780585237723655,-1.1077829767083145,-0.2828311362010103,-0.4393925901455563,-0.4383914303564882,1.0,0.0,0.0,1.0,1.0,0.0,0.0,0.0,1.0,0.0,1.0,0.0,0.0,1.0,1.0,0.0,0.0,0
-0.48565330694584874,0.5854423915763578,-0.19934197171676618,0.2732312961117544,-0.194115450522664,-0.22586586030842634,-0.19410318165367035,-0.8405725440801922,0.98685258711527,0.0029428789586896007,-0.015904783483144384,-0.26479551993847206,0.0,1.0,0.0,1.0,1.0,0.0,0.0,0.0,1.0,0.0,1.0,0.0,0.0,1.0,1.0,0.0,0.0,1
-0.5187460090628284,-0.5544873301529852,-0.9846943012763844,2.1372759162519452,-0.7418885279836976,-0.6705013622426786,-0.7418568909446401,-0.9746519658308056,-1.1077829767083145,-1.4420732730843306,-1.7560016940803826,-1.1622987740142852,0.0,1.0,1.0,0.0,1.0,0.0,0.0,0.0,1.0,0.0,1.0,0.0,1.0,0.0,0.0,1.0,0.0,0
0.42537895281911986,-0.5544873301529852,0.6455067464458534,0.2732312961117544,0.1511287974499479,0.1603007529922699,0.15112047595182282,1.002020822838886,-1.1077829767083145,0.8915255855732974,0.5834176946519454,0.40034898112562856,0.0,1.0,0.0,1.0,0.0,0.0,1.0,0.0,1.0,0.0,1.0,0.0,0.0,1.0,0.0,1.0,0.0,1
-0.5870611416508507,0.05053387528932137,-0.6039174142171756,0.2732312961117544,-0.5323866324455597,-0.4107907173819992,-0.5323694984090264,-1.294580352739507,0.8233514978307708,-0.6152864248387256,-0.8882211462489924,-0.618355799499025,0.0,1.0,0.0,1.0,1.0,0.0,0.0,0.0,0.0,1.0,1.0,0.0,0.0,1.0,1.0,0.0,0.0,1
7.594863718885352,-0.5544873301529852,6.59514560674599,-0.6587910139583409,6.932513009310547,3.641239239083053,6.932425063385684,3.8989976355850775,-1.1077829767083145,3.438784457305025,4.0120295333405,4.139503718739444,0.0,1.0,0.0,1.0,0.0,0.0,0.0,1.0,1.0,0.0,1.0,0.0,0.0,1.0,0.0,0.0,1.0,1
-0.30823055252659665,-0.5544873301529852,-0.7705073023055794,-2.5228356340985316,-0.5427687530084705,-0.04637996961937035,-0.5427807588892755,-0.2706585325473972,-1.1077829767083145,-0.9367087503711017,-0.9228157986688117,0.055599488099646155,0.0,1.0,0.0,1.0,0.0,0.0,0.0,1.0,0.0,1.0,1.0,0.0,0.0,1.0,1.0,0.0,0.0,0
0.04989146147200457,1.3693364576440608,0.49081613607804975,0.2732312961117544,0.6676005561989226,0.08959418999355091,0.6676127474789854,0.47833144272299255,1.1219582763440108,0.7551848680986367,1.2228925091863956,0.2851139972850881,0.0,1.0,0.0,1.0,1.0,0.0,0.0,0.0,1.0,0.0,1.0,0.0,0.0,1.0,0.0,1.0,0.0,1
-0.17356619044661029,-0.302765675429674,-0.6991116359819778,0.2732312961117544,-0.30134571066496535,-0.45430244845813395,-0.30131846002219365,0.0547252456349193,0.5971156989594661,-0.7927119559243119,-0.2503707865839576,-0.7053846977739293,0.0,1.0,0.0,1.0,1.0,0.0,0.0,0.0,0.0,1.0,0.0,1.0,0.0,1.0,0.0,1.0,0.0,0
-0.31232618397671785,0.11722643326628564,-0.3540325820845698,0.2732312961117544,-0.2423070847773688,-0.29657242330714534,-0.24229061196674925,-0.2817080599346367,0.8503384254679451,-0.2118985141187817,-0.1175934164562073,-0.3969892817716717,0.0,1.0,0.0,1.0,1.0,0.0,0.0,0.0,1.0,0.0,1.0,0.0,0.0,1.0,1.0,0.0,0.0,1
-0.5502004585997595,-0.0007680923852665297,-0.5325217478935739,0.2732312961117544,-0.5207648556960329,-0.37815691907489807,-0.5207499686862893,-1.113821326747101,0.8004855288624649,-0.4916663179655089,-0.8502535195499213,-0.5540824939108872,0.0,1.0,0.0,1.0,0.0,0.0,1.0,0.0,1.0,0.0,1.0,0.0,0.0,1.0,1.0,0.0,0.0,1
0.01843701193507345,3.3102609013326365,4.155793674022934,0.2732312961117544,1.5172299151010011,1.7647958364247402,1.5171340675486957,0.42525285315343836,1.3020625129583159,2.733392083331502,1.9474665184477582,2.476448030421314,0.0,1.0,0.0,1.0,0.0,0.0,0.0,1.0,1.0,0.0,1.0,0.0,1.0,0.0,0.0,1.0,0.0,0
-0.2708783937014909,-0.5544873301529852,-0.3540325820845698,0.2732312961117544,-0.5074385516899087,-0.29657242330714534,-0.5074297365135805,-0.17336036283282602,-1.1077829767083145,-0.2118985141187817,-0.8076620787293439,-0.3969892817716717,0.0,1.0,0.0,1.0,0.0,1.0,0.0,0.0,1.0,0.0,1.0,0.0,0.0,1.0,0.0,1.0,0.0,1
-0.5030187842943628,-0.05822629618080497,-0.5206224701729736,2.1372759162519452,-0.5021700128967899,-0.5114115954955609,-0.5021440428323791,-0.9094846729340591,0.7722148679297859,-0.47177243074140923,-0.7910923611264618,-0.8220043767919889,0.0,1.0,1.0,0.0,1.0,0.0,0.0,0.0,0.0,1.0,1.0,0.0,1.0,0.0,0.0,0.0,1.0,0
0.1632585400113605,1.925107774118763,0.40752119203384785,0.2732312961117544,1.0266359792476396,0.0515214253019329,1.026661553474301,0.6558468914336706,1.1874783658766952,0.6778110824203202,1.5644552107025487,0.22192475498482392,0.0,1.0,0.0,1.0,0.0,1.0,0.0,0.0,1.0,0.0,1.0,0.0,1.0,0.0,0.0,0.0,1.0,0
-0.5713339168823851,1.1771250854232715,-0.9370971903939832,0.2732312961117544,-0.007082323366944716,-0.5630817761484709,-0.007037964717812458,-1.2148675135354614,1.0947830244031316,-1.318453166211112,0.3327301040776031,-0.9299605383797601,0.0,1.0,1.0,0.0,1.0,0.0,0.0,0.0,1.0,0.0,1.0,0.0,0.0,1.0,1.0,0.0,0.0,0
-0.13162692439736878,-0.5544873301529852,-0.8657015240703816,-2.5228356340985316,-0.37572508186193737,-0.13340343177163994,-0.3757253759421246,0.14354927914902185,-1.1077829767083145,-1.1460315818489057,-0.43259516569336787,-0.09713270520102744,0.0,1.0,0.0,1.0,1.0,0.0,0.0,0.0,1.0,0.0,1.0,0.0,0.0,1.0,0.0,1.0,0.0,1
4.659606571212462,-0.5544873301529852,1.3594634096818698,0.2732312961117544,4.156148022360238,0.48663873606328073,4.156229548531198,3.239822381444426,-1.1077829767083145,1.4241720082377487,3.231886568380158,0.8997076522963455,0.0,1.0,0.0,1.0,0.0,1.0,0.0,0.0,1.0,0.0,1.0,0.0,0.0,1.0,0.0,1.0,0.0,0
-0.2913565509520971,-0.5544873301529852,-0.44922680384937197,0.2732312961117544,-0.5268081796057869,-0.34008415438328016,-0.526796480282025,-0.22594666479300837,-1.1077829767083145,-0.3563204325672111,-0.8698986892055661,-0.480145941888397,1.0,0.0,0.0,1.0,1.0,0.0,0.0,0.0,1.0,0.0,1.0,0.0,0.0,1.0,0.0,1.0,0.0,1
5.52804426389617,1.0700749795422981,-0.3064354712021687,0.2732312961117544,5.713621063820168,-0.27481655776907804,5.713807836362726,3.4655739331707247,1.0783083933309436,-0.14335063876429482,3.709358894206423,-0.3559335987420099,0.0,1.0,0.0,1.0,1.0,0.0,0.0,0.0,1.0,0.0,0.0,1.0,0.0,1.0,0.0,1.0,0.0,1
-0.5284116992851144,-0.5544873301529852,-0.9489964681145835,-0.6587910139583409,-0.7510309923599922,-0.4967263862573653,-0.7510133722103131,-1.0161045180656196,-1.1077829767083145,-1.3486627152890505,-1.8050613588698334,-0.7917506807691318,0.0,1.0,0.0,1.0,0.0,1.0,0.0,0.0,1.0,0.0,0.0,1.0,1.0,0.0,1.0,0.0,0.0,0
-0.49482752139412034,0.1767367157688076,-1.0441906898793858,0.2732312961117544,-0.38796668670477236,-0.6120324736091225,-0.3879294548744446,-0.8765973018344025,0.8722471301194012,-1.6079457575909744,-0.4643986281871361,-1.0344736726105908,0.0,1.0,0.0,1.0,1.0,0.0,0.0,0.0,1.0,0.0,1.0,0.0,0.0,1.0,1.0,0.0,0.0,1
-0.7748048873244083,1.256814141877798,0.26472985938664456,0.2732312961117544,-0.16343395990391302,-0.013746171312269262,-0.16343759237540412,-2.834400560852762,1.1063986298442572,0.537931757097833,0.04601999115880204,0.11167010401712162,0.0,1.0,0.0,1.0,1.0,0.0,0.0,0.0,1.0,0.0,0.0,1.0,0.0,1.0,1.0,0.0,0.0,1
0.6429388954495601,-0.5544873301529852,0.50271541379865,-2.5228356340985316,0.3569117244282372,1.1175588366672353,0.35683358748086513,1.2402816248385946,-1.1077829767083145,0.7660024386492361,0.8654026255762788,1.7411603786867929,0.0,1.0,0.0,1.0,1.0,0.0,0.0,0.0,1.0,0.0,1.0,0.0,0.0,1.0,1.0,0.0,0.0,1
-0.08493672586598665,-0.5544873301529852,-1.1631834670853884,0.2732312961117544,-0.33156233021373527,-0.666422137454291,-0.3315191648038844,0.2367989887023211,-1.1077829767083145,-1.9866429390908262,-0.3222328539475466,-1.15327186163931,0.0,1.0,1.0,0.0,1.0,0.0,0.0,0.0,0.0,1.0,1.0,0.0,0.0,1.0,1.0,0.0,0.0,1
1.0806799848385182,-0.5544873301529852,0.21713274850424344,0.2732312961117544,0.7709568907580483,-0.035502036850336684,0.770981967535563,1.6310628994940934,-1.1077829767083145,0.48908852927322977,1.3278976302744856,0.07436098511892159,0.0,1.0,1.0,0.0,1.0,0.0,0.0,0.0,1.0,0.0,1.0,0.0,0.0,1.0,0.0,1.0,0.0,0
0.10313467032358069,-0.5544873301529852,0.16953563762184234,0.2732312961117544,-0.15367166743431046,-0.05725790238840411,-0.15367157435845744,0.5642359701777564,-1.1077829767083145,0.43904657575501027,0.06529330993876405,0.03676596980202078,0.0,1.0,0.0,1.0,1.0,0.0,0.0,0.0,0.0,1.0,1.0,0.0,0.0,1.0,0.0,0.0,1.0,0
-0.25318526583696715,-0.5544873301529852,-0.8300036909085807,0.2732312961117544,-0.49070319317059,-0.5141310786878194,-0.49067667669254883,-0.12931815421602827,-1.1077829767083145,-1.06499678892756,-0.7555375200510852,-0.8276274438736991,0.0,1.0,1.0,0.0,1.0,0.0,0.0,0.0,1.0,0.0,1.0,0.0,0.0,1.0,0.0,1.0,0.0,1
-0.19863145492135226,-0.5544873301529852,-0.3064354712021687,0.2732312961117544,-0.43910250440269066,-0.27481655776907804,-0.4390934373114298,-0.0008950746723688461,-1.1077829767083145,-0.14335063876429482,-0.60354704192681,-0.3559335987420099,0.0,1.0,1.0,0.0,1.0,0.0,0.0,0.0,1.0,0.0,1.0,0.0,0.0,1.0,1.0,0.0,0.0,1
-0.3732691799545219,0.32893255320341835,0.2885284148278451,0.2732312961117544,-0.2040327000155936,-0.002868238543235605,-0.2040383659735376,-0.4561619443030007,0.9210501329146922,0.5619215310517007,-0.03637587793062259,0.13021880471914085,0.0,1.0,0.0,1.0,0.0,1.0,0.0,0.0,1.0,0.0,1.0,0.0,0.0,1.0,0.0,1.0,0.0,0
0.47993276373473476,0.7280618617117122,0.49081613607804975,0.2732312961117544,0.7838183236941914,0.08959418999355091,0.783833871622833,1.0652891130200353,1.0172833482326915,0.7551848680986367,1.3405539458108355,0.2851139972850881,0.0,1.0,1.0,0.0,1.0,0.0,0.0,0.0,1.0,0.0,1.0,0.0,0.0,1.0,1.0,0.0,0.0,1
-0.5728083442044287,0.25437369351635064,-0.3064354712021687,0.2732312961117544,-0.42655098551320164,-0.27481655776907804,-0.4265415559038942,-1.2221690238489131,0.8982914728758213,-0.14335063876429482,-0.5684035068616322,-0.3559335987420099,1.0,0.0,1.0,0.0,1.0,0.0,0.0,0.0,0.0,1.0,1.0,0.0,0.0,1.0,0.0,0.0,1.0,1
-0.3255960298751107,0.4086216096579449,-0.3897304152463706,0.2732312961117544,-0.12283521979223246,-0.31288932246069595,-0.12281400500105001,-0.31805882287298015,0.9433429912982241,-0.26486531719390427,0.12487693820080964,-0.42800809210674284,1.0,0.0,0.0,1.0,1.0,0.0,0.0,0.0,1.0,0.0,1.0,0.0,0.0,1.0,0.0,1.0,0.0,1
0.9168547268336686,-0.5544873301529852,-0.7467087468643788,0.2732312961117544,0.6159998674310232,-0.47605831399620135,0.6160553350143426,1.496070577790611,-1.1077829767083145,-0.8875712578419739,1.16813236384632,-0.7494849991297858,0.0,1.0,1.0,0.0,1.0,0.0,0.0,0.0,1.0,0.0,0.0,1.0,0.0,1.0,0.0,0.0,1.0,0
-0.45927744040706797,0.30054546442347974,-0.6634138028201769,0.2732312961117544,-0.2982465701984249,-0.43798554930458344,-0.2982205213908482,-0.741430528997781,0.9126198900476277,-0.724355590996497,-0.24315686205767392,-0.6725676824934427,0.0,1.0,0.0,1.0,0.0,1.0,0.0,0.0,0.0,1.0,1.0,0.0,0.0,1.0,0.0,1.0,0.0,1
-0.07871136606180236,-0.5544873301529852,0.240931303945444,0.2732312961117544,-0.3256739633273083,-0.02462410408130292,-0.32568142078299966,0.248819351978235,-1.1077829767083145,0.5136563838905184,-0.3080065889488746,0.09305100959539539,0.0,1.0,1.0,0.0,0.0,0.0,1.0,0.0,1.0,0.0,1.0,0.0,1.0,0.0,0.0,1.0,0.0,1
-0.23123268126431734,-0.5544873301529852,-0.21124124943736647,-2.5228356340985316,-0.46993895204476865,0.46488287052521343,-0.469989316594944,-0.07635577269874491,-1.1077829767083145,-0.012803201343461017,-0.692855814254772,0.8679526838847595,0.0,1.0,0.0,1.0,0.0,0.0,0.0,1.0,0.0,1.0,1.0,0.0,0.0,1.0,0.0,0.0,1.0,0
-0.3118347082027033,-0.18408712354246062,-0.12794630539316454,0.2732312961117544,-0.37835935125849685,-0.19323206200132526,-0.3783549864880312,-0.2803779543424496,0.6967422448498726,0.09494828640563074,-0.4393925901455563,-0.2049639797343117,0.0,1.0,0.0,1.0,0.0,1.0,0.0,0.0,0.0,1.0,1.0,0.0,0.0,1.0,0.0,0.0,1.0,1
-0.24351957561468104,-0.5544873301529852,-0.2588383603197676,0.2732312961117544,-0.4815607287942955,-0.2530606922310106,-0.4815546097930806,-0.10577584409426107,-1.1077829767083145,-0.07703236222851359,-0.7276748727428893,-0.315218630702014,0.0,1.0,0.0,1.0,0.0,0.0,1.0,0.0,0.0,1.0,1.0,0.0,0.0,1.0,0.0,1.0,0.0,1
-0.1630813739342999,-0.5544873301529852,-0.3064354712021687,0.2732312961117544,-0.40547683034072624,-0.27481655776907804,-0.40546679205914316,0.07741250317746524,-1.1077829767083145,-0.14335063876429482,-0.5108689482349054,-0.3559335987420099,1.0,0.0,1.0,0.0,1.0,0.0,0.0,0.0,0.0,1.0,1.0,0.0,0.0,1.0,0.0,1.0,0.0,1
-0.35377397425194484,-0.5544873301529852,-0.7824065800261797,0.2732312961117544,-0.5858468054933834,-0.4923752131497519,-0.5858247587860772,-0.39819362600260577,-1.1077829767083145,-0.9617287853353964,-1.0737553330637282,-0.7828223334611453,1.0,0.0,1.0,0.0,1.0,0.0,0.0,0.0,1.0,0.0,1.0,0.0,0.0,1.0,0.0,0.0,1.0,1
-0.23401771065039978,0.3111478710762279,-1.0798885230411865,0.2732312961117544,-0.08037699540062758,-0.6283493727626731,-0.08032958829457039,-0.08297559886074797,0.9158008238666603,-1.714358106087577,0.20387605620515126,-1.0698120642311464,0.0,1.0,1.0,0.0,1.0,0.0,0.0,0.0,0.0,1.0,1.0,0.0,0.0,1.0,1.0,0.0,0.0,1
-0.4791002966256548,-0.5544873301529852,-1.0322914121587854,0.2732312961117544,-0.7043889283385576,-0.6065935072246057,-0.7043612659920351,-0.8153432389595474,-1.1077829767083145,-1.5736742405035302,-1.5674576282273258,-1.0227505475781362,0.0,1.0,1.0,0.0,1.0,0.0,0.0,0.0,1.0,0.0,1.0,0.0,0.0,1.0,0.0,0.0,1.0,1
-0.325268379359101,-0.5544873301529852,-0.22314052715796673,0.2732312961117544,-0.558884283434481,-0.23674379307746,-0.5588816890692777,-0.3171509421693288,-1.1077829767083145,-0.028671820467587802,-0.9778402038823988,-0.28490261977008724,0.0,1.0,1.0,0.0,1.0,0.0,0.0,0.0,1.0,0.0,1.0,0.0,0.0,1.0,0.0,1.0,0.0,0
0.753029468828819,-0.5544873301529852,0.8120966345342572,0.2732312961117544,0.4610428441039981,0.23644628237550572,0.4610374473882388,1.3482044490904317,-1.1077829767083145,1.0288250399796153,0.9931307700565885,0.5214940372126021,1.0,0.0,1.0,0.0,1.0,0.0,0.0,0.0,1.0,0.0,1.0,0.0,0.0,1.0,0.0,1.0,0.0,0
-0.3233024762630428,-0.12697093286475275,-0.21124124943736647,0.2732312961117544,-0.36332851999577537,-0.23130482669294317,-0.3633207079585047,-0.3117147856771816,0.7337409142709249,-0.012803201343461017,-0.400940822267677,-0.2748387690787142,0.0,1.0,0.0,1.0,0.0,0.0,0.0,1.0,1.0,0.0,1.0,0.0,1.0,0.0,0.0,1.0,0.0,0
0.3904841728640869,-0.5544873301529852,1.1214778552698643,0.2732312961117544,0.11812295148129155,0.3778594083729437,0.11809645875065244,0.9601557203962161,-1.1077829767083145,1.2616072934381741,0.5338697710264264,0.7388366666752416,0.0,1.0,0.0,1.0,0.0,1.0,0.0,0.0,1.0,0.0,0.0,1.0,0.0,1.0,0.0,0.0,1.0,1
0.04907233518198032,-0.5544873301529852,-0.18744269399616592,0.2732312961117544,-0.20480748513222874,-0.22042689392390952,-0.2047959555235123,0.4769719682837278,-1.1077829767083145,0.018568298456255856,-0.037984834597569135,-0.2547727881754173,0.0,1.0,0.0,1.0,0.0,0.0,0.0,1.0,0.0,1.0,0.0,1.0,0.0,1.0,1.0,0.0,0.0,1
-0.36540556757028914,0.478734298813215,-0.10414774995196399,0.2732312961117544,-0.1287235866786594,-0.1823541292322916,-0.12871287272426218,-0.4325185446520128,0.9614817807530609,0.12471680438712059,0.11364750494296573,-0.18518118885052978,0.0,1.0,0.0,1.0,1.0,0.0,0.0,0.0,1.0,0.0,1.0,0.0,0.0,1.0,0.0,0.0,1.0,1
-0.254495867901006,-0.21828843532551923,-0.5444210256141742,0.2732312961117544,-0.33962009542674054,-0.3835958854594149,-0.3395995460721373,-0.13253801130571877,0.6717501483230846,-0.5117562072339227,-0.3418807184652582,-0.5647364079601584,0.0,1.0,0.0,1.0,0.0,0.0,0.0,1.0,0.0,1.0,1.0,0.0,0.0,1.0,0.0,1.0,0.0,1
-0.8606493225189494,0.061136281942069534,-0.12794630539316454,0.2732312961117544,-0.7863611936785538,-0.19323206200132526,-0.7863686129823658,-5.157769576556438,0.827834790922725,0.09494828640563074,-2.0080168046720632,-0.2049639797343117,0.0,1.0,0.0,1.0,1.0,0.0,0.0,0.0,1.0,0.0,1.0,0.0,0.0,1.0,1.0,0.0,0.0,0
-0.2746463746356025,0.052585953996304884,-0.17554341627556563,0.2732312961117544,-0.23595384682096077,-0.2149879275393927,-0.2359436472426714,-0.1829033975431033,0.824225328556824,0.03407489232129134,-0.10386086049297447,-0.24477049013043256,0.0,1.0,0.0,1.0,1.0,0.0,0.0,0.0,1.0,0.0,1.0,0.0,0.0,1.0,0.0,1.0,0.0,1
-0.06609682119542894,-0.5544873301529852,-0.8776008017909819,0.2732312961117544,-0.31374227253112735,-0.5358869442258867,-0.3137089232017516,0.2728945437309359,-1.1077829767083145,-1.1737749658209815,-0.2795132689130268,-0.8728455104324272,0.0,1.0,0.0,1.0,0.0,0.0,1.0,0.0,1.0,0.0,1.0,0.0,1.0,0.0,0.0,1.0,0.0,0
-0.1835595311849061,0.26052992963730115,-0.22314052715796673,0.2732312961117544,-0.055583871668303565,-0.23674379307746,-0.055566740776988026,0.032788235689549236,0.9002484932735063,-0.028671820467587802,0.2484825215939325,-0.28490261977008724,1.0,0.0,0.0,1.0,0.0,0.0,1.0,0.0,1.0,0.0,1.0,0.0,0.0,1.0,0.0,1.0,0.0,1
-0.521367213190906,-0.5544873301529852,-1.0203921344381852,0.2732312961117544,-0.74436784035693,-0.6011545408400888,-0.7443417631461267,-0.9857843406068981,-1.1077829767083145,-1.5399692207850493,-1.769177012495806,-1.0110553680430558,0.0,1.0,0.0,1.0,1.0,0.0,0.0,0.0,1.0,0.0,1.0,0.0,1.0,0.0,0.0,0.0,1.0,0
-0.22844765187823488,0.032749193162130895,-0.3540325820845698,0.2732312961117544,-0.20124347359570716,-0.29657242330714534,-0.2012258147692564,-0.06976407033631962,0.8156518045857468,-0.2118985141187817,-0.03059527884481362,-0.3969892817716717,0.0,1.0,0.0,1.0,0.0,0.0,1.0,0.0,1.0,0.0,1.0,0.0,0.0,1.0,0.0,1.0,0.0,1
-0.39849826968726876,0.40007128171218026,-0.020852805907762065,0.2732312961117544,-0.19566502075593425,-0.14428136454067358,-0.195659253371374,-0.5345457751866802,0.9410411688428143,0.22561194869847703,-0.019088387135110886,-0.11656293056478892,0.0,1.0,1.0,0.0,1.0,0.0,0.0,0.0,1.0,0.0,1.0,0.0,0.0,1.0,0.0,1.0,0.0,1
0.35624469394107333,-0.2090540811440934,0.34802480343084646,0.2732312961117544,0.24224352716623865,0.024326593379348647,0.2422485984957979,0.917948689087081,0.6787399002095281,0.6206894966924292,0.7136404939508261,0.17628604921018853,0.0,1.0,0.0,1.0,1.0,0.0,0.0,0.0,1.0,0.0,1.0,0.0,0.0,1.0,0.0,1.0,0.0,1
0.13868475131063304,-0.5544873301529852,-0.21124124943736647,0.2732312961117544,-0.120045993372346,-0.23130482669294317,-0.12003115475071682,0.6190549032672866,-1.1077829767083145,-0.012803201343461017,0.1301722700146884,-0.2748387690787142,0.0,1.0,0.0,1.0,1.0,0.0,0.0,0.0,1.0,0.0,1.0,0.0,0.0,1.0,0.0,1.0,0.0,1
-0.3527910227039157,-0.5544873301529852,0.2885284148278451,0.2732312961117544,-0.5849170633534213,-0.002868238543235605,-0.584933730167641,-0.3953274279986178,-1.1077829767083145,0.5619215310517007,-1.0703631483678544,0.13021880471914085,0.0,1.0,0.0,1.0,1.0,0.0,0.0,0.0,1.0,0.0,1.0,0.0,0.0,1.0,1.0,0.0,0.0,0
-0.10951051456671408,-0.5544873301529852,-0.09224847223136372,0.2732312961117544,-0.35480588371278904,-0.17691516284777467,-0.35480213000736854,0.18841942769242273,-1.1077829767083145,0.13943966449561124,-0.37949072874284107,-0.17531962675287943,0.0,1.0,0.0,1.0,1.0,0.0,0.0,0.0,0.0,1.0,0.0,1.0,0.0,1.0,0.0,0.0,1.0,0
0.13868475131063304,0.025224904569858004,0.7644995236518561,0.2732312961117544,0.1426061611669615,0.21469041683743842,0.142593289028528,0.6190549032672866,0.8123238334296246,0.9905308203319032,0.5707511094114797,0.48718532752579613,0.0,1.0,0.0,1.0,0.0,0.0,1.0,0.0,1.0,0.0,1.0,0.0,0.0,1.0,0.0,1.0,0.0,1
-0.10574253363260254,-0.5544873301529852,0.1457370821806418,2.1372759162519452,-0.35124187217626746,-0.28297500734585324,-0.351229621785769,0.19593625456939043,-1.1077829767083145,0.41355740303033994,-0.37059446091413417,-0.3712892466194895,0.0,1.0,0.0,1.0,1.0,0.0,0.0,0.0,1.0,0.0,1.0,0.0,0.0,1.0,0.0,1.0,0.0,1
0.1632585400113605,-0.5544873301529852,0.6455067464458534,0.2732312961117544,-0.09680243987329223,0.1603007529922699,-0.09681792222171894,0.6558468914336706,-1.1077829767083145,0.8915255855732974,0.173716093231062,0.40034898112562856,0.0,1.0,1.0,0.0,1.0,0.0,0.0,0.0,1.0,0.0,0.0,1.0,0.0,1.0,1.0,0.0,0.0,1
-0.4771343935295966,0.14800761387103836,-0.49682391473177306,0.2732312961117544,-0.38424771814492376,-0.3618400199213476,-0.3842301795378067,-0.8078537566219668,0.8619023010356873,-0.43255762089003547,-0.45467843543441633,-0.5222588656271877,0.0,1.0,0.0,1.0,0.0,1.0,0.0,0.0,1.0,0.0,1.0,0.0,0.0,1.0,0.0,1.0,0.0,1
-0.2764484524736558,-0.5544873301529852,-1.2345791334089902,-2.5228356340985316,-0.5127070904830275,-0.4706193476116845,-0.5126846531193141,-0.18748828976077597,-1.1077829767083145,-2.252991502205808,-0.8243826742509139,-0.738422704720935,0.0,1.0,0.0,1.0,1.0,0.0,0.0,0.0,1.0,0.0,1.0,0.0,0.0,1.0,1.0,0.0,0.0,1
-0.36278436344221154,0.33406274997087715,-0.3064354712021687,0.2732312961117544,-0.1917910951727586,-0.27481655776907804,-0.19177488513332186,-0.4247168031189551,0.9225447351954481,-0.14335063876429482,-0.011139703065555217,-0.3559335987420099,0.0,1.0,1.0,0.0,1.0,0.0,0.0,0.0,0.0,1.0,1.0,0.0,0.0,1.0,1.0,0.0,0.0,1
0.47993276373473476,-0.5544873301529852,1.5974489640938754,0.2732312961117544,0.20272948621784725,0.5954180637536177,0.20268821918305607,1.0652891130200353,-1.1077829767083145,1.574727988419335,0.6582965848709662,1.0554707504266747,1.0,0.0,1.0,0.0,1.0,0.0,0.0,0.0,1.0,0.0,1.0,0.0,0.0,1.0,0.0,1.0,0.0,1
-0.3683544222143764,0.05395400646762723,-0.06844991679016317,0.2732312961117544,-0.323969436070711,-0.16603723007874102,-0.32396565263175015,-0.44134265229362607,0.8248062438369801,0.16857026372749884,-0.3039089458261843,-0.15565577080302495,0.0,1.0,0.0,1.0,0.0,1.0,0.0,0.0,1.0,0.0,1.0,0.0,0.0,1.0,0.0,1.0,0.0,1
0.015815807806995857,-0.1235508016864469,0.2885284148278451,0.2732312961117544,-0.04101791147556321,-0.002868238543235605,-0.041018869174433883,0.42074657130507603,0.735796790840703,0.5619215310517007,0.27419226534579993,0.13021880471914085,0.0,1.0,0.0,1.0,0.0,1.0,0.0,0.0,1.0,0.0,1.0,0.0,0.0,1.0,1.0,0.0,0.0,1
0.056116821276188854,-0.5544873301529852,1.2999670210788685,0.2732312961117544,-0.19814433312916666,0.4594439041406966,-0.19818641714859078,0.48862470445740647,-1.1077829767083145,1.3847296321491551,-0.02419366132258673,0.859981722762215,0.0,1.0,0.0,1.0,1.0,0.0,0.0,0.0,1.0,0.0,1.0,0.0,0.0,1.0,0.0,0.0,1.0,0
-0.3178962427488828,-0.5544873301529852,-0.2826369157609681,0.2732312961117544,-0.5519112173847649,-0.2639386250000443,-0.5519062693776072,-0.29686282409932735,-1.1077829767083145,-0.10992190212549849,-0.9538289375534913,-0.335533879156789,1.0,0.0,1.0,0.0,1.0,0.0,0.0,0.0,1.0,0.0,0.0,1.0,0.0,1.0,0.0,0.0,1.0,1
-0.26072122770519024,-0.5544873301529852,-0.4016296929669709,0.2732312961117544,-0.4978312162436332,-0.31832828884521275,-0.49782040178992404,-0.14792425090370856,-1.1077829767083145,-0.2828311362010103,-0.7775580909767779,-0.4383914303564882,1.0,0.0,1.0,0.0,0.0,1.0,0.0,0.0,1.0,0.0,1.0,0.0,0.0,1.0,1.0,0.0,0.0,1
-0.3421423809336005,-0.5544873301529852,-0.5920181364965753,0.2732312961117544,-0.5748448568371647,-0.40535175099748233,-0.5748293795448534,-0.3646116616622684,-1.1077829767083145,-0.594155590493605,-1.0340106171249936,-0.6075849378914553,0.0,1.0,0.0,1.0,0.0,1.0,0.0,0.0,1.0,0.0,1.0,0.0,0.0,1.0,0.0,1.0,0.0,1
0.06807606511054287,1.1555782589999446,-0.3064354712021687,0.2732312961117544,0.5879526462088316,-0.27481655776907804,0.5879913771224669,0.5082090346213305,1.0915504627256598,-0.14335063876429482,1.137668287230196,-0.3559335987420099,0.0,1.0,0.0,1.0,0.0,0.0,1.0,0.0,1.0,0.0,1.0,0.0,0.0,1.0,1.0,0.0,0.0,1
-0.47402171362750445,0.12372468250506677,-0.06844991679016317,-2.5228356340985316,-0.3923054833579291,0.5954180637536177,-0.3923639364334442,-0.7960688534781545,0.8528231840332192,0.16857026372749884,-0.47580426812538823,1.0554707504266747,0.0,1.0,0.0,1.0,0.0,1.0,0.0,0.0,0.0,1.0,1.0,0.0,0.0,1.0,0.0,0.0,1.0,0
-0.3994812212352979,1.3953294545991854,0.11003924901884096,-4.386880254238722,0.2543301749857466,4.130746213689569,0.2540106067077632,-0.5376813129562591,1.1254231008788964,0.3747160902523562,0.7302413911897344,4.494317960093847,0.0,1.0,1.0,0.0,1.0,0.0,0.0,0.0,1.0,0.0,1.0,0.0,0.0,1.0,0.0,0.0,1.0,1
0.13868475131063304,-0.10987027697322346,-0.44922680384937197,0.2732312961117544,0.08139813695278661,-0.34008415438328016,0.08142740273744468,0.6190549032672866,0.7438604197907885,-0.3563204325672111,0.4771205382675939,-0.480145941888397,0.0,1.0,0.0,1.0,0.0,0.0,1.0,0.0,1.0,0.0,0.0,1.0,0.0,1.0,1.0,0.0,0.0,1
-0.3272342824551592,0.956184611304713,-0.2707376380403678,0.2732312961117544,0.12370140432106445,-0.25849965861552743,0.12372543519668625,-0.3226062120549957,1.059544295325382,-0.09341082190198383,0.5423385122157226,-0.3253657397829374,0.0,1.0,0.0,1.0,1.0,0.0,0.0,0.0,0.0,1.0,1.0,0.0,0.0,1.0,0.0,1.0,0.0,1
0.10591969970966313,0.9274555094069438,-0.3064354712021687,-2.5228356340985316,0.5203913840382487,0.3778594083729437,0.5203765097872242,0.5686011625201143,1.0545875147866197,-0.14335063876429482,1.0621409724265156,0.7388366666752416,0.0,1.0,1.0,0.0,1.0,0.0,0.0,0.0,1.0,0.0,0.0,1.0,0.0,1.0,0.0,0.0,1.0,0
0.7043733672013787,-0.5544873301529852,-0.4016296929669709,0.2732312961117544,0.4150206081758716,-0.31832828884521275,0.41505778798528525,1.3014294560195105,-1.1077829767083145,-0.2828311362010103,0.9377719234507333,-0.4383914303564882,0.0,1.0,0.0,1.0,0.0,0.0,1.0,0.0,1.0,0.0,1.0,0.0,0.0,1.0,0.0,0.0,1.0,1
0.1973341936763692,-0.5544873301529852,-0.10414774995196399,-2.5228356340985316,-0.06457137902127102,0.5627842654465165,-0.06461778365614604,0.70546313455081,-1.1077829767083145,0.12471680438712059,0.23243759828218902,1.0092588656699364,0.0,1.0,0.0,1.0,0.0,1.0,0.0,0.0,0.0,1.0,1.0,0.0,0.0,1.0,0.0,0.0,1.0,1
-0.4130787176497004,0.07584284600878473,-0.2707376380403678,2.1372759162519452,-0.3563554539460593,-0.42574787493942057,-0.35633205197213996,-0.58171919828957,0.8339274299601684,-0.09341082190198383,-0.38337215510130573,-0.6480981779450848,0.0,1.0,0.0,1.0,0.0,1.0,0.0,0.0,1.0,0.0,1.0,0.0,0.0,1.0,0.0,1.0,0.0,1
-0.588863219488904,0.08439317395454939,-0.6634138028201769,0.2732312961117544,-0.5187504143927816,-0.43798554930458344,-0.5187307342664419,-1.303981234630888,0.8374046806372657,-0.724355590996497,-0.8437515577944724,-0.6725676824934427,0.0,1.0,0.0,1.0,1.0,0.0,0.0,0.0,1.0,0.0,1.0,0.0,0.0,1.0,0.0,0.0,1.0,1
-0.6119625808675878,0.7759436982079941,0.6574060241664537,0.2732312961117544,-0.22727625351464736,0.16573971937678675,-0.22729593470915324,-1.429816820155989,1.0267453706500227,0.9016452453828202,-0.08526859913825124,0.4091021065370724,0.0,1.0,0.0,1.0,1.0,0.0,0.0,0.0,0.0,1.0,1.0,0.0,1.0,0.0,0.0,1.0,0.0,0
-0.32379395203705735,-0.5544873301529852,-0.09224847223136372,0.2732312961117544,-0.5574896702245379,-0.17691516284777467,-0.5574917705142389,-0.3130720402424608,-1.1077829767083145,0.13943966449561124,-0.9730127674411481,-0.17531962675287943,1.0,0.0,1.0,0.0,0.0,0.0,1.0,0.0,1.0,0.0,1.0,0.0,0.0,1.0,0.0,0.0,1.0,0
-0.4620624697931504,0.1866550961858946,-0.49682391473177306,0.2732312961117544,-0.35248152836288366,-0.3618400199213476,-0.35246307227182166,-0.75160478236161,0.8757244453863435,-0.43255762089003547,-0.37368392894300007,-0.5222588656271877,0.0,1.0,1.0,0.0,1.0,0.0,0.0,0.0,0.0,1.0,0.0,1.0,0.0,1.0,1.0,0.0,0.0,1
-0.44928409966877214,1.8741478195620058,1.585549686373275,-2.5228356340985316,0.4241630725521661,2.1074507186493014,0.42400853633879326,-0.7054624912903558,1.1821170232423723,1.5674584360978452,0.9489027764011176,2.8252535441517264,0.0,1.0,0.0,1.0,0.0,1.0,0.0,0.0,0.0,1.0,1.0,0.0,0.0,1.0,0.0,1.0,0.0,1
1.7769373313591288,-0.5544873301529852,0.5503125246810512,0.2732312961117544,1.429524239897905,0.11678902191613506,1.4295562851230112,2.101443206930585,-1.1077829767083145,0.8087078166201294,1.8845991833096676,0.3297560295181082,0.0,1.0,1.0,0.0,1.0,0.0,0.0,0.0,1.0,0.0,0.0,1.0,1.0,0.0,0.0,0.0,1.0,0
-0.3801498407907256,-0.5544873301529852,1.2999670210788685,0.2732312961117544,-0.6107948862490344,0.4594439041406966,-0.6108488886086795,-0.47714965860914554,-1.1077829767083145,1.3847296321491551,-1.1672008818646666,0.859981722762215,1.0,0.0,1.0,0.0,0.0,0.0,0.0,1.0,1.0,0.0,1.0,0.0,0.0,1.0,1.0,0.0,0.0,1
0.10510057341963888,-0.5544873301529852,-0.36593185980517007,0.2732312961117544,-0.15181218315438616,-0.30201138969166225,-0.15179266618479859,0.5673185567776814,-1.1077829767083145,-0.22940168825346138,0.06894159350934143,-0.40730710995247077,0.0,1.0,1.0,0.0,1.0,0.0,0.0,0.0,0.0,1.0,1.0,0.0,1.0,0.0,1.0,0.0,0.0,0
-0.025140506694216542,-0.5544873301529852,-0.6158166919377758,0.2732312961117544,-0.2750030166993711,-0.416229683766516,-0.27497801835651037,0.3485810310352174,-1.1077829767083145,-0.6366385284875709,-0.18993727187416282,-0.6291503593910573,0.0,1.0,0.0,1.0,0.0,0.0,0.0,1.0,1.0,0.0,1.0,0.0,0.0,1.0,0.0,0.0,1.0,0
1.5202231520655296,0.16374021729124533,1.8830316293882818,0.2732312961117544,1.5121163333312093,0.7259532569820221,1.512102553770483,1.9441204415490743,0.867618593051165,1.741847321400375,1.9438596026025248,1.236084722415804,0.0,1.0,0.0,1.0,1.0,0.0,0.0,0.0,1.0,0.0,1.0,0.0,0.0,1.0,1.0,0.0,0.0,0
-0.07740076399776356,-0.5544873301529852,-0.21124124943736647,0.2732312961117544,-0.3244343071406921,-0.23130482669294317,-0.32442537174503033,0.2513381318792273,-1.1077829767083145,-0.012803201343461017,-0.30502557834858374,-0.2748387690787142,0.0,1.0,0.0,1.0,0.0,0.0,0.0,1.0,0.0,1.0,1.0,0.0,0.0,1.0,0.0,1.0,0.0,0
0.11132593322382317,0.8990684206270051,2.192412850123889,0.2732312961117544,0.5126435328718975,0.86736638297946,0.5125896944695864,0.5770398724992843,1.04959446722902,1.9086597513972103,1.053277637685811,1.4245262949353596,0.0,1.0,0.0,1.0,0.0,1.0,0.0,0.0,1.0,0.0,1.0,0.0,0.0,1.0,0.0,0.0,1.0,1
-0.5477430797296867,0.2010196471347792,-0.13984558311376483,0.2732312961117544,-0.4270158565831827,-0.19867102838584208,-0.4270124666809808,-1.102487689221409,0.8806789613820448,0.07989945598767988,-0.5696931958715716,-0.21488536934742478,0.0,1.0,1.0,0.0,1.0,0.0,0.0,0.0,1.0,0.0,1.0,0.0,0.0,1.0,0.0,1.0,0.0,1
-0.31494738810479544,-0.5544873301529852,0.11003924901884096,-4.759689178266761,-0.5491219909648785,7.502905372090014,-0.5497316430102934,-0.28882127848286526,-1.1077829767083145,0.3747160902523562,-0.9443116578912424,6.4197809929040925,1.0,0.0,1.0,0.0,0.0,1.0,0.0,0.0,1.0,0.0,1.0,0.0,0.0,1.0,0.0,1.0,0.0,0
0.29431874641524014,-0.5544873301529852,-0.3064354712021687,0.2732312961117544,0.02716317878832783,-0.27481655776907804,0.02718571275368722,0.8385683567481509,-1.1077829767083145,-0.14335063876429482,0.3899694565315,-0.3559335987420099,1.0,0.0,1.0,0.0,1.0,0.0,0.0,0.0,1.0,0.0,1.0,0.0,0.0,1.0,1.0,0.0,0.0,1
-0.03890182836662391,-0.5544873301529852,-0.21124124943736647,0.2732312961117544,-0.2880194066588412,-0.23130482669294317,-0.28800941951329134,0.3235600014640899,-1.1077829767083145,-0.012803201343461017,-0.21955000395620597,-0.2748387690787142,0.0,1.0,1.0,0.0,1.0,0.0,0.0,0.0,1.0,0.0,0.0,1.0,0.0,1.0,0.0,1.0,0.0,1
-0.2143586796898178,0.6244318870090446,0.06244213813643986,0.2732312961117544,0.08015848076617041,-0.10620859984905567,0.08016920145643554,-0.036840344320912585,0.9955342386887445,0.3217492871772336,0.47517401403444276,-0.048891161235726906,0.0,1.0,1.0,0.0,1.0,0.0,0.0,0.0,1.0,0.0,1.0,0.0,0.0,1.0,1.0,0.0,0.0,1
-0.11393379653284502,-0.08011513572196248,0.05054286041583959,0.2732312961117544,-0.1440643319880349,-0.11164756623357251,-0.14405965694315337,0.17954860668083106,0.7605749600083269,0.30828978440519506,0.08406523464138002,-0.05850159622205884,0.0,1.0,0.0,1.0,0.0,0.0,1.0,0.0,1.0,0.0,1.0,0.0,0.0,1.0,0.0,1.0,0.0,1
-0.17536826828466362,0.06489842623820598,0.16953563762184234,0.2732312961117544,-0.13647143784501067,-0.05725790238840411,-0.13647084798516798,0.050792244597995605,0.8294071091295108,0.43904657575501027,0.09876653107078409,0.03676596980202078,0.0,1.0,0.0,1.0,0.0,0.0,0.0,1.0,1.0,0.0,1.0,0.0,1.0,0.0,0.0,0.0,1.0,1
-0.325268379359101,-0.5544873301529852,-0.12794630539316454,0.2732312961117544,-0.558884283434481,-0.19323206200132526,-0.5588851326581413,-0.3171509421693288,-1.1077829767083145,0.09494828640563074,-0.9778402038823988,-0.2049639797343117,1.0,0.0,1.0,0.0,1.0,0.0,0.0,0.0,1.0,0.0,1.0,0.0,0.0,1.0,1.0,0.0,0.0,0
-0.41406166919772946,-0.0209468663372711,-0.6634138028201769,0.2732312961117544,-0.4011380336875695,-0.43798554930458344,-0.40111495663286806,-0.5849516329550991,0.7909058151809205,-0.724355590996497,-0.4992441163886238,-0.6725676824934427,1.0,0.0,1.0,0.0,0.0,1.0,0.0,0.0,1.0,0.0,1.0,0.0,0.0,1.0,0.0,0.0,1.0,1
-0.35492075105797877,-0.5544873301529852,-1.3773704660561934,0.2732312961117544,-0.5869315046566725,-0.7643235323755944,-0.5868879668476895,-0.40154422935557227,-1.1077829767083145,-2.9202137271354696,-1.0777208181418916,-1.3746383793666632,1.0,0.0,1.0,0.0,1.0,0.0,0.0,0.0,1.0,0.0,1.0,0.0,0.0,1.0,0.0,0.0,1.0,1
0.9407732145023766,-0.5544873301529852,-0.11604702767256427,0.2732312961117544,0.6386235928367688,-0.18779309561680843,0.6386569000714575,1.5165268014461102,-1.1077829767083145,0.10988686799186656,1.1923425854440617,-0.19506261312090575,0.0,1.0,0.0,1.0,1.0,0.0,0.0,0.0,1.0,0.0,1.0,0.0,0.0,1.0,0.0,0.0,1.0,1
-0.421106155291938,0.08063102965841293,-0.23503980487856702,0.2732312961117544,-0.36177894976250513,-0.24218275946197693,-0.3617702320727042,-0.6083166086732382,0.8358804561608076,-0.04466490062062163,-0.39702212226045486,-0.29498715670559356,0.0,1.0,1.0,0.0,1.0,0.0,0.0,0.0,1.0,0.0,1.0,0.0,0.0,1.0,1.0,0.0,0.0,1
-0.456000935246971,0.2058078307844074,0.05054286041583959,0.2732312961117544,-0.3380705251934703,-0.11164756623357251,-0.3380714535139498,-0.7295456139098044,0.8823095641230877,0.30828978440519506,-0.33808592040778124,-0.05850159622205884,0.0,1.0,0.0,1.0,1.0,0.0,0.0,0.0,1.0,0.0,1.0,0.0,0.0,1.0,0.0,1.0,0.0,1
-0.24630460500076348,-0.5544873301529852,-0.6634138028201769,0.2732312961117544,-0.484194998190855,-0.43798554930458344,-0.4841743200210045,-0.1125226656551801,-1.1077829767083145,-0.724355590996497,-0.7356598287064678,-0.6725676824934427,0.0,1.0,0.0,1.0,0.0,0.0,1.0,0.0,1.0,0.0,1.0,0.0,0.0,1.0,0.0,1.0,0.0,1
-0.4347036517063405,0.07550083289095415,-0.36593185980517007,0.2732312961117544,-0.3769647380485536,-0.30201138969166225,-0.3769517240261462,-0.6544364412208941,0.8337873612108041,-0.22940168825346138,-0.4357908195370804,-0.40730710995247077,0.0,1.0,0.0,1.0,0.0,1.0,0.0,0.0,1.0,0.0,1.0,0.0,0.0,1.0,0.0,1.0,0.0,1
-0.23106885600631247,0.5652636176243533,0.7288016904900553,0.2732312961117544,0.03754529935123851,0.19837351768388772,0.03753068414831347,-0.07596724932667262,0.9822421492314805,0.9613306946234941,0.4069759009097166,0.46129542316204464,0.0,1.0,0.0,1.0,1.0,0.0,0.0,0.0,1.0,0.0,1.0,0.0,0.0,1.0,0.0,1.0,0.0,1
-0.37687333563062864,-0.10987027697322346,-0.7824065800261797,0.2732312961117544,-0.4062516154573613,-0.4923752131497519,-0.406224381609118,-0.4671200950604899,0.7438604197907885,-0.9617287853353964,-0.5129525773322886,-0.7828223334611453,0.0,1.0,0.0,1.0,1.0,0.0,0.0,0.0,1.0,0.0,1.0,0.0,0.0,1.0,0.0,0.0,1.0,1
1.5038406262650446,-0.5544873301529852,3.4537362885075185,0.2732312961117544,1.1712108820117542,1.443896819738246,1.1711304370656148,1.9335179123984854,-1.1077829767083145,2.475153969019821,1.685857291308732,2.125648856625084,0.0,1.0,0.0,1.0,1.0,0.0,0.0,0.0,1.0,0.0,1.0,0.0,0.0,1.0,0.0,1.0,0.0,1
-0.21353955339979358,-0.5544873301529852,-0.2588383603197676,0.2732312961117544,-0.4532035935254499,-0.2530606922310106,-0.45319665550198185,-0.03494749538752009,-1.1077829767083145,-0.07703236222851359,-0.6438485494453652,-0.315218630702014,1.0,0.0,0.0,1.0,1.0,0.0,0.0,0.0,0.0,1.0,1.0,0.0,0.0,1.0,1.0,0.0,0.0,1
-0.2212393405260215,0.27523649370401637,0.1457370821806418,0.2732312961117544,-0.08456083503045726,-0.06813583515743776,-0.08455788497036681,-0.05283210779872194,0.9048644214389338,0.41355740303033994,0.19624069332713953,0.017859875146703487,0.0,1.0,1.0,0.0,0.0,1.0,0.0,0.0,0.0,1.0,0.0,1.0,1.0,0.0,0.0,0.0,1.0,0
-0.24188132303463256,-0.2808768358885165,-0.4016296929669709,0.2732312961117544,-0.35604553989940524,-0.31832828884521275,-0.35603063033442983,-0.10182078694817409,0.6186181951473634,-0.2828311362010103,-0.3825952132126254,-0.4383914303564882,0.0,1.0,0.0,1.0,1.0,0.0,0.0,0.0,1.0,0.0,1.0,0.0,0.0,1.0,0.0,1.0,0.0,1
-0.5082611925505179,-0.21733080276815359,-0.8062051354673803,-2.5228356340985316,-0.5792146467854624,-0.07901376792647143,-0.5792251226196687,-0.9309044171303419,0.6724838647767392,-1.0127091223338118,-1.0496937260113517,-0.0011193573876074575,0.0,1.0,0.0,1.0,0.0,0.0,1.0,0.0,1.0,0.0,1.0,0.0,0.0,1.0,0.0,0.0,1.0,1
-0.5885355689728943,0.015306524152771011,-1.0917878007617867,0.2732312961117544,-0.5497418190581865,-0.63378833914719,-0.5497075378882488,-1.302267741272567,0.8078703865787993,-1.7510997715891163,-0.9464223502230561,-1.081648319650576,1.0,0.0,1.0,0.0,1.0,0.0,0.0,0.0,1.0,0.0,1.0,0.0,0.0,1.0,0.0,0.0,1.0,1
2.5005534959665496,-0.5544873301529852,-0.21124124943736647,0.2732312961117544,2.1139694119333745,-0.23130482669294317,2.1140487742917533,2.474490079258931,-1.1077829767083145,-0.012803201343461017,2.326105279327828,-0.2748387690787142,0.0,1.0,0.0,1.0,1.0,0.0,0.0,0.0,1.0,0.0,1.0,0.0,0.0,1.0,1.0,0.0,0.0,0
-0.3678629464403619,0.48967871858379375,-0.6753130805407772,0.2732312961117544,-0.1260893172821,-0.44342451568910024,-0.1260578657104872,-0.4398684782366321,0.9642016661573962,-0.7468873922579251,0.11867968930447273,-0.6834823154527415,0.0,1.0,1.0,0.0,1.0,0.0,0.0,0.0,1.0,0.0,1.0,0.0,0.0,1.0,1.0,0.0,0.0,1
-0.45927744040706797,0.032749193162130895,-0.5563203033347744,-0.6587910139583409,-0.4195779194634855,-0.2813433174304982,-0.41956777191693384,-0.741430528997781,0.8156518045857468,-0.532045999180452,-0.5491660836405671,-0.3682142697142345,1.0,0.0,1.0,0.0,1.0,0.0,0.0,0.0,1.0,0.0,0.0,1.0,0.0,1.0,0.0,1.0,0.0,0
-0.278414355569714,0.12953890550818672,-0.3064354712021687,0.2732312961117544,-0.2046525281089017,-0.27481655776907804,-0.20463668953857433,-0.19250549082867818,0.8550263012689808,-0.14335063876429482,-0.037662930463777375,-0.3559335987420099,0.0,1.0,0.0,1.0,1.0,0.0,0.0,0.0,1.0,0.0,1.0,0.0,0.0,1.0,1.0,0.0,0.0,1
-0.2096077472076772,-0.5544873301529852,-0.36593185980517007,0.2732312961117544,-0.4494846249656013,-0.30201138969166225,-0.4494737054919072,-0.025893826645045956,-1.1077829767083145,-0.22940168825346138,-0.6331334081651747,-0.40730710995247077,1.0,0.0,1.0,0.0,1.0,0.0,0.0,0.0,1.0,0.0,1.0,0.0,0.0,1.0,0.0,1.0,0.0,1
0.672427441890433,-0.5544873301529852,0.49081613607804975,0.2732312961117544,0.38480398862710175,0.08959418999355091,0.3848080120622892,1.2699334726074185,-1.1077829767083145,0.7551848680986367,0.9004959945849204,0.2851139972850881,0.0,1.0,1.0,0.0,1.0,0.0,0.0,0.0,1.0,0.0,1.0,0.0,0.0,1.0,1.0,0.0,0.0,1
-0.3814604428547644,0.2718163625257105,-0.08034919451076344,0.2732312961117544,-0.23765837407755805,-0.17147619646325785,-0.23765166731897797,-0.4811797078314126,0.9037982897298346,0.15405698348110242,-0.10753513609657223,-0.16547784714012068,0.0,1.0,0.0,1.0,1.0,0.0,0.0,0.0,1.0,0.0,1.0,0.0,0.0,1.0,1.0,0.0,0.0,1
-0.16439197599833869,-0.5544873301529852,-0.22314052715796673,0.2732312961117544,-0.40671648652734244,-0.23674379307746,-0.40670949719026656,0.07459467161382949,-1.1077829767083145,-0.028671820467587802,-0.5142038905844623,-0.28490261977008724,0.0,1.0,0.0,1.0,0.0,0.0,1.0,0.0,1.0,0.0,1.0,0.0,1.0,0.0,0.0,1.0,0.0,0
-0.3686820727303861,-0.0209468663372711,-0.13984558311376483,0.2732312961117544,-0.35821493822598355,-0.19867102838584208,-0.358209561187823,-0.4423262137073982,0.7909058151809205,0.07989945598767988,-0.38804072234437664,-0.21488536934742478,0.0,1.0,0.0,1.0,0.0,0.0,1.0,0.0,1.0,0.0,1.0,0.0,0.0,1.0,0.0,0.0,1.0,1
0.0022183113925933404,-0.5544873301529852,-0.03275208362836234,2.1372759162519452,-0.24912519380375792,-0.3441633791716678,-0.24910515149120216,0.39715784871846554,-1.1077829767083145,0.21150042340687933,-0.1324459410972631,-0.4880146292074184,1.0,0.0,1.0,0.0,1.0,0.0,0.0,0.0,1.0,0.0,1.0,0.0,1.0,0.0,0.0,0.0,1.0,0
-0.49482752139412034,0.5857844046941885,0.31232697026904566,0.2732312961117544,-0.20263808680565037,0.008009694225798161,-0.2026445733810273,-0.8765973018344025,0.9869300250325161,0.5856323478224004,-0.03348330375440026,0.14869764197618301,0.0,1.0,0.0,1.0,1.0,0.0,0.0,0.0,1.0,0.0,1.0,0.0,0.0,1.0,0.0,1.0,0.0,1
-0.1617707718702611,-0.12697093286475275,-0.4254282484081714,0.2732312961117544,-0.21054089499532866,-0.3292062216142464,-0.21052092200911662,0.08022522650070542,0.7337409142709249,-0.3192447336033025,-0.04993513245562161,-0.45922426629526536,0.0,1.0,0.0,1.0,0.0,0.0,0.0,1.0,1.0,0.0,1.0,0.0,0.0,1.0,0.0,0.0,1.0,1
0.24107553756366404,-0.5544873301529852,0.6455067464458534,0.2732312961117544,-0.023197853792955324,0.1603007529922699,-0.023211210263948727,0.7669125709688488,-1.1077829767083145,0.8915255855732974,0.3051638500963716,0.40034898112562856,0.0,1.0,0.0,1.0,0.0,1.0,0.0,0.0,1.0,0.0,1.0,0.0,0.0,1.0,0.0,1.0,0.0,1
-0.12081445736904871,-0.5544873301529852,-0.12794630539316454,0.2732312961117544,-0.36549791832235373,-0.19323206200132526,-0.3654931820827787,0.16564794644880307,-1.1077829767083145,0.09494828640563074,-0.40644108948885543,-0.2049639797343117,1.0,0.0,0.0,1.0,0.0,1.0,0.0,0.0,1.0,0.0,1.0,0.0,0.0,1.0,0.0,0.0,1.0,1
-0.06609682119542894,0.31456800225453374,0.06244213813643986,2.1372759162519452,0.08000352374284338,-0.3115295808645667,0.0800304893925268,0.2728945437309359,0.9168186286259905,0.3217492871772336,0.47493055336103185,-0.425415687559382,1.0,0.0,1.0,0.0,1.0,0.0,0.0,0.0,1.0,0.0,1.0,0.0,0.0,1.0,1.0,0.0,0.0,0
-0.5552790415979099,0.44590103950147875,-0.3897304152463706,0.2732312961117544,-0.3231946509540759,-0.31288932246069595,-0.3231792230250435,-1.1375098491410598,0.9531458832496206,-0.26486531719390427,-0.3020493992100537,-0.42800809210674284,0.0,1.0,0.0,1.0,0.0,1.0,0.0,0.0,1.0,0.0,1.0,0.0,0.0,1.0,0.0,0.0,1.0,0
-0.5903376468109477,0.44897915756195406,-0.6277159696583761,0.2732312961117544,-0.35496084073611606,-0.42166865015103283,-0.3549377213188697,-1.3117154587347026,0.9539389057456827,-0.6582165845181062,-0.37987850239574505,-0.6399687220805103,0.0,1.0,0.0,1.0,1.0,0.0,0.0,0.0,0.0,1.0,1.0,0.0,1.0,0.0,0.0,0.0,1.0,0
-0.4142254944557343,0.04403562605054023,-0.4849246370111728,0.2732312961117544,-0.37185115627876175,-0.35640105353683066,-0.37183369007773753,-0.5854910273906611,0.8205646954732526,-0.41322944521526506,-0.42264444162274206,-0.5116966968723385,0.0,1.0,0.0,1.0,1.0,0.0,0.0,0.0,0.0,1.0,1.0,0.0,0.0,1.0,0.0,1.0,0.0,1
-0.06609682119542894,-0.5544873301529852,-0.16364413855496537,0.2732312961117544,-0.31374227253112735,-0.20954896115487587,-0.31373475011822805,0.2728945437309359,-1.1077829767083145,0.04946445417398542,-0.2795132689130268,-0.23478854265503663,1.0,0.0,1.0,0.0,1.0,0.0,0.0,0.0,1.0,0.0,1.0,0.0,0.0,1.0,1.0,0.0,0.0,1
-0.6190070669617963,0.06216232129556129,-0.5920181364965753,0.2732312961117544,-0.5573347132012108,-0.40535175099748233,-0.557318730173847,-1.470315281569115,0.8282645553489021,-0.594155590493605,-0.9724771681588017,-0.6075849378914553,0.0,1.0,0.0,1.0,0.0,1.0,0.0,0.0,1.0,0.0,1.0,0.0,0.0,1.0,0.0,0.0,1.0,1
-0.22992207920027855,0.30054546442347974,-0.06844991679016317,0.2732312961117544,-0.08130673754058973,-0.16603723007874102,-0.08129594541939612,-0.07325030640655872,0.9126198900476277,0.16857026372749884,0.20218205043325996,-0.15565577080302495,0.0,1.0,1.0,0.0,1.0,0.0,0.0,0.0,1.0,0.0,1.0,0.0,0.0,1.0,1.0,0.0,0.0,1
-0.5575725952099777,-0.5544873301529852,-0.21124124943736647,0.2732312961117544,-0.7786133425122026,-0.23130482669294317,-0.7786175248991871,-1.1483275986873756,-1.1077829767083145,-0.012803201343461017,-1.961549190451018,-0.2748387690787142,0.0,1.0,1.0,0.0,1.0,0.0,0.0,0.0,0.0,1.0,1.0,0.0,0.0,1.0,0.0,0.0,1.0,0
-0.26891249060543276,0.015306524152771011,-0.12794630539316454,0.2732312961117544,-0.24742066654716063,-0.19323206200132526,-0.24741251995262944,-0.16840459153441378,0.8078703865787993,0.09494828640563074,-0.12872153244677223,-0.2049639797343117,1.0,0.0,1.0,0.0,1.0,0.0,0.0,0.0,1.0,0.0,1.0,0.0,0.0,1.0,1.0,0.0,0.0,1
-0.4920424920080379,0.08268310836539645,-0.49682391473177306,0.2732312961117544,-0.42794559872314486,-0.3618400199213476,-0.42792932221589347,-0.8655725292917734,0.836712966499747,-0.43255762089003547,-0.5722752944359993,-0.5222588656271877,1.0,0.0,1.0,0.0,1.0,0.0,0.0,0.0,1.0,0.0,1.0,0.0,1.0,0.0,0.0,0.0,1.0,0
2.429453333992445,-0.5544873301529852,3.9773045082139302,0.2732312961117544,2.046718063809446,1.6832113406569873,2.046643965877185,2.4415623095118715,-1.1077829767083145,2.67077383847566,2.2871348116735297,2.3896116840211463,0.0,1.0,1.0,0.0,1.0,0.0,0.0,0.0,1.0,0.0,1.0,0.0,0.0,1.0,1.0,0.0,0.0,0
0.3708251419035049,-0.5544873301529852,0.4670175806368492,0.2732312961117544,0.09952810868204855,0.07871625722451704,0.0995247535610736,0.9360625642593783,-1.1077829767083145,0.7333760263436212,0.5053551898952688,0.26714282154355196,0.0,1.0,0.0,1.0,0.0,0.0,1.0,0.0,0.0,1.0,1.0,0.0,0.0,1.0,1.0,0.0,0.0,1
-0.40734483361953067,-0.5544873301529852,-0.7348094691437785,0.2732312961117544,-0.6365177521213207,-0.4706193476116845,-0.6364988907072266,-0.5629963775011092,-1.1077829767083145,-0.8634395292591737,-1.2688016525061618,-0.738422704720935,1.0,0.0,1.0,0.0,1.0,0.0,0.0,0.0,1.0,0.0,1.0,0.0,0.0,1.0,0.0,1.0,0.0,1
-0.40570658103948215,0.26805421822957404,-0.41352897068757116,0.2732312961117544,-0.262296540786555,-0.3237672552297296,-0.2622784930764514,-0.5576882365787909,0.9026204381895668,-0.300956653470836,-0.16148304148046427,-0.4487967905490243,0.0,1.0,1.0,0.0,1.0,0.0,0.0,0.0,0.0,1.0,1.0,0.0,0.0,1.0,0.0,1.0,0.0,1
-0.474513189401519,-0.5544873301529852,-1.0679892453205864,0.2732312961117544,-0.7000501316854009,-0.6229104063781562,-0.7000210526781743,-0.797923687026329,-1.1077829767083145,-1.678266769810647,-1.5468413493119737,-1.0580042956152305,1.0,0.0,1.0,0.0,1.0,0.0,0.0,0.0,1.0,0.0,1.0,0.0,0.0,1.0,1.0,0.0,0.0,1
0.056116821276188854,-0.5544873301529852,-0.020852805907762065,-4.014071330210684,-0.19814433312916666,2.4291267305335835,-0.1983423010373234,0.48862470445740647,-1.1077829767083145,0.22561194869847703,-0.02419366132258673,3.1315697997223593,0.0,1.0,0.0,1.0,0.0,0.0,1.0,0.0,1.0,0.0,0.0,1.0,0.0,1.0,1.0,0.0,0.0,1
-0.48008324817368386,0.07584284600878473,0.15763635990124206,0.2732312961117544,-0.4197328764868125,-0.06269686877292094,-0.4197400374498315,-0.8191015809141255,0.8339274299601684,0.4263418164843506,-0.5495913997111413,0.02732202946200818,0.0,1.0,0.0,1.0,1.0,0.0,0.0,0.0,1.0,0.0,1.0,0.0,0.0,1.0,1.0,0.0,0.0,0
-0.32838105926119315,0.006414183089175776,-0.41352897068757116,-2.5228356340985316,-0.30769894862137337,0.27995801345164056,-0.3077299920374626,-0.32579733307053793,0.8038112733308241,-0.300956653470836,-0.26524852574605845,0.5893999723766956,0.0,1.0,0.0,1.0,0.0,1.0,0.0,0.0,0.0,1.0,1.0,0.0,0.0,1.0,0.0,0.0,1.0,1
-0.27628462721565095,-0.5544873301529852,-0.3064354712021687,0.2732312961117544,-0.5125521334597005,-0.27481655776907804,-0.5125451877703416,-0.18707092107547188,-1.1077829767083145,-0.14335063876429482,-0.8238887126806191,-0.3559335987420099,0.0,1.0,0.0,1.0,0.0,0.0,1.0,0.0,1.0,0.0,1.0,0.0,0.0,1.0,0.0,1.0,0.0,1
-0.5480707302456964,0.17536866329748527,-0.6872123582613775,0.2732312961117544,-0.43894754737936365,-0.44886348207361715,-0.43892470145711726,-1.1039940661147514,0.8717638043196606,-0.7696709506980769,-0.6031090449953366,-0.6944212842916228,0.0,1.0,0.0,1.0,1.0,0.0,0.0,0.0,1.0,0.0,1.0,0.0,0.0,1.0,0.0,0.0,1.0,1
-0.3051178726245045,-0.5544873301529852,-0.4016296929669709,0.2732312961117544,-0.5398245695652569,-0.31832828884521275,-0.5398149679805676,-0.2623132064165161,-1.1077829767083145,-0.2828311362010103,-0.9129389905962845,-0.4383914303564882,1.0,0.0,1.0,0.0,0.0,1.0,0.0,0.0,1.0,0.0,1.0,0.0,0.0,1.0,0.0,1.0,0.0,1
0.753029468828819,-0.5544873301529852,0.11003924901884096,0.2732312961117544,0.4610428441039981,-0.08445273431098825,0.4610628438561075,1.3482044490904317,-1.1077829767083145,0.3747160902523562,0.9931307700565885,-0.010636577620851607,0.0,1.0,0.0,1.0,0.0,1.0,0.0,0.0,1.0,0.0,0.0,1.0,0.0,1.0,1.0,0.0,0.0,0
-0.4920424920080379,0.1866550961858946,-0.36593185980517007,0.2732312961117544,-0.38083866363172925,-0.30201138969166225,-0.3808257614976078,-0.8655725292917734,0.8757244453863435,-0.22940168825346138,-0.445813233492835,-0.40730710995247077,0.0,1.0,0.0,1.0,1.0,0.0,0.0,0.0,1.0,0.0,1.0,0.0,0.0,1.0,0.0,1.0,0.0,1
-0.17389384096261998,-0.4898468508830045,-0.2588383603197676,0.2732312961117544,-0.3864171164715021,-0.2530606922310106,-0.386408249493984,0.05401089567834792,0.2470864378141045,-0.07703236222851359,-0.46034229314583386,-0.315218630702014,0.0,1.0,0.0,1.0,0.0,0.0,0.0,1.0,1.0,0.0,1.0,0.0,0.0,1.0,0.0,1.0,0.0,1
-0.29528835714421353,-0.010686472802353523,-0.21124124943736647,0.2732312961117544,-0.28414548107566556,-0.23130482669294317,-0.28413538204182975,-0.236250419837282,0.7958212567541549,-0.012803201343461017,-0.2106866692155015,-0.2748387690787142,0.0,1.0,0.0,1.0,0.0,0.0,1.0,0.0,0.0,1.0,1.0,0.0,0.0,1.0,1.0,0.0,0.0,1
-0.3665523443763231,0.4664218265713139,-0.16364413855496537,0.2732312961117544,-0.1353867386817215,-0.20954896115487587,-0.13537406493213644,-0.43594418128970297,0.9583872688863756,0.04946445417398542,0.1008571411828321,-0.23478854265503663,1.0,0.0,1.0,0.0,1.0,0.0,0.0,0.0,1.0,0.0,1.0,0.0,0.0,1.0,1.0,0.0,0.0,1
1.5721557588530668,-0.5544873301529852,1.835434518505881,0.2732312961117544,1.2358279607391236,0.7041973914439548,1.235807923100274,1.977259453055645,-1.1077829767083145,1.7149280226411716,1.7376260053280366,1.2064403694343724,0.0,1.0,0.0,1.0,0.0,0.0,0.0,1.0,1.0,0.0,1.0,0.0,0.0,1.0,1.0,0.0,0.0,1
0.5344865746503497,1.1497640359968246,2.7397796252715017,0.2732312961117544,1.0264810222243126,1.1175588366672353,1.0264222240482863,1.1260782736217525,1.090671206099818,2.1740022794543634,1.5643206880017453,1.7411603786867929,0.0,1.0,0.0,1.0,0.0,1.0,0.0,0.0,1.0,0.0,0.0,1.0,1.0,0.0,1.0,0.0,0.0,0
-0.07969431760983145,-0.5544873301529852,-0.18744269399616592,0.2732312961117544,-0.32660370546727047,-0.22042689392390952,-0.32659569362626467,0.24692758005730708,-1.1077829767083145,0.018568298456255856,-0.3102455269947899,-0.2547727881754173,0.0,1.0,1.0,0.0,1.0,0.0,0.0,0.0,1.0,0.0,1.0,0.0,1.0,0.0,1.0,0.0,0.0,1
0.06791223985253803,0.18426100436108048,0.45511830291624894,0.2732312961117544,0.14771974293675336,0.07327729084000022,0.14771821015466371,0.5079424192622637,0.874889370908533,0.7223835077197738,0.5783615404208513,0.25813248752937396,0.0,1.0,0.0,1.0,1.0,0.0,0.0,0.0,1.0,0.0,0.0,1.0,0.0,1.0,0.0,1.0,0.0,1
-0.17536826828466362,0.28378682164978103,-0.4254282484081714,0.2732312961117544,-0.03729894291571461,-0.3292062216142464,-0.0372739662853543,0.050792244597995605,0.9075106501027669,-0.3192447336033025,0.2806991747139319,-0.45922426629526536,1.0,0.0,0.0,1.0,1.0,0.0,0.0,0.0,1.0,0.0,1.0,0.0,0.0,1.0,0.0,0.0,1.0,0
-0.4756599662075529,-0.5544873301529852,-0.9370971903939832,0.2732312961117544,-0.7011348308486901,-0.5630817761484709,-0.7011105181048709,-0.8022602746159628,-1.1077829767083145,-1.318453166211112,-1.5519737602736046,-0.9299605383797601,1.0,0.0,1.0,0.0,1.0,0.0,0.0,0.0,1.0,0.0,1.0,0.0,0.0,1.0,0.0,0.0,1.0,1
-0.16701318012641628,0.058742190117255434,-0.3421333043639695,0.2732312961117544,-0.13135785607521883,-0.2911334569226285,-0.13133860923269725,0.06894360931129478,0.8268292168386149,-0.19454430497423147,0.10860149252979055,-0.3866931069712766,0.0,1.0,1.0,0.0,0.0,1.0,0.0,0.0,1.0,0.0,1.0,0.0,0.0,1.0,0.0,0.0,1.0,1
-0.4043959789754433,-0.5544873301529852,-0.5682195810553747,0.2732312961117544,-0.6337285257014341,-0.3944738182284487,-0.6337156100082855,-0.5534547603417966,-1.1077829767083145,-0.5525397120498465,-1.2575090175742165,-0.5861138949060333,0.0,1.0,1.0,0.0,1.0,0.0,0.0,0.0,1.0,0.0,1.0,0.0,0.0,1.0,0.0,1.0,0.0,1
-0.421106155291938,-0.5544873301529852,-0.8895000795115822,0.2732312961117544,-0.6495341420807907,-0.5413259106104035,-0.6495100607794343,-0.6083166086732382,-1.1077829767083145,-1.2019010292098635,-1.322438768428248,-0.8842154471358911,0.0,1.0,1.0,0.0,1.0,0.0,0.0,0.0,1.0,0.0,1.0,0.0,0.0,1.0,0.0,0.0,1.0,1
9.490977255033481,-0.5544873301529852,4.096297285419933,-2.5228356340985316,8.725985597297536,4.402694532915412,8.72588918836843,4.212089392887042,-1.1077829767083145,2.71273225851004,4.382577927431276,4.68088513497822,0.0,1.0,0.0,1.0,1.0,0.0,0.0,0.0,1.0,0.0,1.0,0.0,0.0,1.0,0.0,0.0,1.0,1
0.7256706507420091,0.07242271483047887,0.43131974747504837,-2.5228356340985316,0.7192012449668219,1.0522912400530329,0.7191387371952482,1.3220770992630944,0.8325233115839226,0.7002190800772985,1.2760668352191116,1.6605099243230828,0.0,1.0,0.0,1.0,0.0,1.0,0.0,0.0,1.0,0.0,0.0,1.0,0.0,1.0,0.0,0.0,1.0,1
0.016307283581010405,0.9811515689063458,-0.9013993572321825,0.2732312961117544,0.4599581449407089,-0.5467648769949204,0.4600147014957729,0.42159249667537985,1.0637760258002142,-1.2304204768512392,0.9918450370822754,-0.895611794865874,0.0,1.0,0.0,1.0,1.0,0.0,0.0,0.0,1.0,0.0,0.0,1.0,0.0,1.0,0.0,1.0,0.0,1
-0.025140506694216542,-0.3191823050855421,0.16953563762184234,0.2732312961117544,-0.16839258465037782,-0.05725790238840411,-0.1683929167500115,0.3485810310352174,0.5797256744527208,0.43904657575501027,0.03615234893400369,0.03676596980202078,0.0,1.0,0.0,1.0,0.0,1.0,0.0,0.0,1.0,0.0,1.0,0.0,0.0,1.0,1.0,0.0,0.0,1
-0.4756599662075529,1.0187730118677103,0.35992408115144675,0.2732312961117544,0.01166747645562532,0.029765559763865475,0.011665457745796137,-0.8022602746159628,1.0700244258518092,0.6322425432713717,0.3642900822894511,0.1854478174967656,0.0,1.0,0.0,1.0,0.0,0.0,1.0,0.0,1.0,0.0,0.0,1.0,0.0,1.0,1.0,0.0,0.0,1
-0.5854228890708022,-0.5544873301529852,-0.21124124943736647,0.2732312961117544,-0.8049560364777969,-0.23130482669294317,-0.8049609797051259,-1.2860832445461468,-1.1077829767083145,-0.012803201343461017,-2.1245848889624757,-0.2748387690787142,1.0,0.0,1.0,0.0,0.0,0.0,0.0,1.0,0.0,1.0,1.0,0.0,1.0,0.0,0.0,0.0,1.0,0
-0.2037100379195026,-0.5544873301529852,-0.8895000795115822,0.2732312961117544,-0.44390617212582845,-0.5413259106104035,-0.4438761517942531,-0.012411615137790252,-1.1077829767083145,-1.2019010292098635,-0.6171770257108531,-0.8842154471358911,1.0,0.0,1.0,0.0,1.0,0.0,0.0,0.0,1.0,0.0,1.0,0.0,0.0,1.0,0.0,1.0,0.0,1
-0.45157765328084004,-0.01171251215584528,0.3242262479896459,0.2732312961117544,-0.4324393523996286,0.01344866061031499,-0.43245290663673674,-0.7136440368376232,0.7953339019700587,0.5973851599921436,-0.5848068789381403,0.15791102588899433,0.0,1.0,0.0,1.0,0.0,0.0,0.0,1.0,0.0,1.0,1.0,0.0,0.0,1.0,1.0,0.0,0.0,0
-0.49564664768414457,-0.5544873301529852,-1.186982022526589,0.2732312961117544,-0.7200395876945871,-0.6773000702233247,-0.7200067815448368,-0.8798548467603032,-1.1077829767083145,-2.071618037134849,-1.6438080019221817,-1.1773806349282336,1.0,0.0,1.0,0.0,1.0,0.0,0.0,0.0,1.0,0.0,1.0,0.0,0.0,1.0,1.0,0.0,0.0,0
-0.13916288626559187,-0.13415320833919506,0.1457370821806418,0.2732312961117544,-0.1924109232660667,-0.06813583515743776,-0.19241108817585748,0.12795890516315622,0.7293695471605385,0.41355740303033994,-0.012409182636684186,0.017859875146703487,0.0,1.0,0.0,1.0,0.0,1.0,0.0,0.0,0.0,1.0,1.0,0.0,0.0,1.0,0.0,0.0,1.0,1
-0.36540556757028914,-0.5544873301529852,-0.8538022463497813,0.2732312961117544,-0.5968487541496021,-0.525009011456853,-0.5968244425133805,-0.4325185446520128,-1.1077829767083145,-1.1186606035515918,-1.1143793456293714,-0.8501843824219515,0.0,1.0,0.0,1.0,0.0,0.0,0.0,1.0,0.0,1.0,1.0,0.0,0.0,1.0,0.0,1.0,0.0,1
-0.4620624697931504,0.2424032343922801,-0.2469390825991673,0.2732312961117544,-0.32722353356057854,-0.24762172584649378,-0.32721338737865885,-0.75160478236161,0.8944431641945635,-0.06078440959636888,-0.3117396703860139,-0.3050924651015713,0.0,1.0,0.0,1.0,0.0,0.0,1.0,0.0,1.0,0.0,1.0,0.0,0.0,1.0,1.0,0.0,0.0,1
-0.47582379146555775,0.2861809134745951,0.16953563762184234,0.2732312961117544,-0.32040542453418946,-0.05725790238840411,-0.3204101471301643,-0.8028807777549142,0.9082467602049671,0.43904657575501027,-0.29537058031444446,0.03676596980202078,0.0,1.0,0.0,1.0,1.0,0.0,0.0,0.0,1.0,0.0,1.0,0.0,0.0,1.0,0.0,1.0,0.0,1
-0.3080667272685918,0.5502150404398075,0.07434141585704014,0.2732312961117544,-0.042102610638852386,-0.10076963346453885,-0.04209585159150018,-0.27021818400512787,0.97874946264061,0.3351205302800961,0.2722900654146195,-0.039299514990576837,0.0,1.0,0.0,1.0,1.0,0.0,0.0,0.0,0.0,1.0,1.0,0.0,1.0,0.0,1.0,0.0,0.0,0
-0.3801498407907256,0.18699710930372518,-0.23503980487856702,0.2732312961117544,-0.2748480596760441,-0.24218275946197693,-0.2748368312131061,-0.47714965860914554,0.87584352158542,-0.04466490062062163,-0.1895875999457484,-0.29498715670559356,0.0,1.0,0.0,1.0,0.0,0.0,1.0,0.0,0.0,1.0,1.0,0.0,0.0,1.0,0.0,0.0,1.0,1
0.15228224772503557,1.0129587888645903,1.3475641319612697,0.2732312961117544,0.602983477471553,0.4811997696787639,0.6029628101552342,0.6395208576077175,1.069068587098289,1.4163443315754325,1.1540571622925688,0.8917881582575481,0.0,1.0,0.0,1.0,1.0,0.0,0.0,0.0,1.0,0.0,1.0,0.0,0.0,1.0,0.0,1.0,0.0,1
-0.4551818089569467,1.5830946562881771,0.49081613607804975,0.2732312961117544,0.28671619286109484,0.08959418999355091,0.2867173832848818,-0.7265885554994569,1.1491595347526136,0.7551848680986367,0.7739973398188628,0.2851139972850881,0.0,1.0,0.0,1.0,1.0,0.0,0.0,0.0,1.0,0.0,1.0,0.0,0.0,1.0,1.0,0.0,0.0,1
0.6028017072383719,-0.5544873301529852,0.9786865226226611,0.2732312961117544,0.31894725371311605,0.31259181175874157,0.31893172665451663,1.1989894274621626,-1.1077829767083145,1.157460032670107,0.8165327429636896,0.6397196493028493,0.0,1.0,0.0,1.0,1.0,0.0,0.0,0.0,1.0,0.0,1.0,0.0,0.0,1.0,0.0,1.0,0.0,1
0.5482478963227571,0.8706813318470665,1.930628740270683,0.2732312961117544,0.9130524811489302,0.7477091225200894,0.9130196773892308,1.1410435657313824,1.0445029639064678,1.7684158701209387,1.4631076921813013,1.2655510301615385,0.0,1.0,1.0,0.0,1.0,0.0,0.0,0.0,1.0,0.0,1.0,0.0,0.0,1.0,1.0,0.0,0.0,0
-0.4484649733787479,0.15792599428812537,-0.6039174142171756,0.2732312961117544,-0.3526364853862107,-0.4107907173819992,-0.3526141597332086,-0.7025509346501453,0.8655207633699971,-0.6152864248387256,-0.37407047817640354,-0.618355799499025,0.0,1.0,0.0,1.0,0.0,0.0,0.0,1.0,1.0,0.0,1.0,0.0,0.0,1.0,1.0,0.0,0.0,1
0.015815807806995857,-0.5544873301529852,-0.4849246370111728,0.2732312961117544,-0.23626376086761483,-0.35640105353683066,-0.2362423785765819,0.42074657130507603,-1.1077829767083145,-0.41322944521526506,-0.10452836399959696,-0.5116966968723385,1.0,0.0,0.0,1.0,1.0,0.0,0.0,0.0,1.0,0.0,0.0,1.0,1.0,0.0,1.0,0.0,0.0,0
-0.48827451107392633,-0.3817707056485393,-0.18744269399616592,0.2732312961117544,-0.6348132248647234,-0.22042689392390952,-0.6348141148557488,-0.8507802656237542,0.5000129806954525,0.018568298456255856,-1.261892349539794,-0.2547727881754173,1.0,0.0,0.0,1.0,1.0,0.0,0.0,0.0,1.0,0.0,1.0,0.0,0.0,1.0,0.0,1.0,0.0,1
-0.2605574024471854,-0.5544873301529852,-0.3540325820845698,-2.5228356340985316,-0.4976762592203061,0.3343476772968091,-0.4977170941240184,-0.14751738894299968,-1.1077829767083145,-0.2118985141187817,-0.7770765642593181,0.6729816444477493,1.0,0.0,1.0,0.0,1.0,0.0,0.0,0.0,1.0,0.0,1.0,0.0,0.0,1.0,0.0,0.0,1.0,1
0.47993276373473476,0.5286682140164806,0.2290320262248437,0.2732312961117544,0.6934783790945357,-0.030063070465819856,0.6935007876577233,1.0652891130200353,0.97366486197691,0.5014094565867142,1.2497519725162192,0.08371489737419549,0.0,1.0,0.0,1.0,0.0,0.0,1.0,0.0,1.0,0.0,1.0,0.0,0.0,1.0,1.0,0.0,0.0,1
-0.2504002364508847,-0.5544873301529852,-0.9370971903939832,0.2732312961117544,-0.4880689237740306,-0.5630817761484709,-0.4880384571744835,-0.12249806376999917,-1.1077829767083145,-1.318453166211112,-0.7474658493558628,-0.9299605383797601,0.0,1.0,0.0,1.0,0.0,1.0,0.0,0.0,1.0,0.0,1.0,0.0,0.0,1.0,0.0,0.0,1.0,0
-0.3937473372051281,0.015306524152771011,-0.5444210256141742,2.1372759162519452,-0.36549791832235373,-0.5195700450723362,-0.36546735516630224,-0.5194793670731671,0.8078703865787993,-0.5117562072339227,-0.40644108948885543,-0.8388929493786207,0.0,1.0,0.0,1.0,1.0,0.0,0.0,0.0,0.0,1.0,1.0,0.0,1.0,0.0,0.0,0.0,1.0,0
-0.03873800310861906,0.5286682140164806,0.6455067464458534,0.2732312961117544,0.20288444324117427,0.1603007529922699,0.2028776165705498,0.3238602565358091,0.97366486197691,0.8915255855732974,0.6585169102808528,0.40034898112562856,0.0,1.0,0.0,1.0,0.0,0.0,0.0,1.0,1.0,0.0,1.0,0.0,0.0,1.0,0.0,1.0,0.0,1
-0.11147641766277228,-0.5544873301529852,-0.7705073023055794,0.2732312961117544,-0.3566653679927133,-0.48693624676523506,-0.3566371324230176,0.1844831006468289,-1.1077829767083145,-0.9367087503711017,-0.3841494258542892,-0.7716846998658348,1.0,0.0,1.0,0.0,0.0,1.0,0.0,0.0,1.0,0.0,1.0,0.0,0.0,1.0,0.0,1.0,0.0,0
-0.06609682119542894,0.6996747729317736,1.0738807443874632,0.2732312961117544,0.25448513200907363,0.3561035428348764,0.2544642995405323,0.2728945437309359,1.0115055121203935,1.2274791785285362,0.7304532518333492,0.7060196513947554,0.0,1.0,0.0,1.0,0.0,0.0,1.0,0.0,1.0,0.0,1.0,0.0,0.0,1.0,0.0,1.0,0.0,1
-0.10705313569664134,0.24342927374577186,-0.18744269399616592,0.2732312961117544,0.009033207059065894,-0.22042689392390952,0.009050912901167498,0.19332583447390114,0.8947752757942,0.018568298456255856,0.35988865104573264,-0.2547727881754173,0.0,1.0,0.0,1.0,1.0,0.0,0.0,0.0,1.0,0.0,1.0,0.0,0.0,1.0,0.0,0.0,1.0,1
-0.39161760885106506,0.4828384562271821,-0.6039174142171756,-0.6587910139583409,-0.15165722613105911,-0.3074503560761791,-0.15163727423733217,-0.5127726616955289,0.9625050980756765,-0.6152864248387256,0.06924529021498532,-0.4176466827819747,0.0,1.0,0.0,1.0,1.0,0.0,0.0,0.0,1.0,0.0,1.0,0.0,0.0,1.0,0.0,0.0,1.0,1
0.23239279888940703,-0.5544873301529852,-0.05655063906956289,0.2732312961117544,-0.03141057602928765,-0.16059826369422417,-0.03139877323557878,0.7549068014309432,-1.1077829767083145,0.1829809757655036,0.2909548569870313,-0.14585331900714535,0.0,1.0,1.0,0.0,1.0,0.0,0.0,0.0,1.0,0.0,0.0,1.0,0.0,1.0,1.0,0.0,0.0,1
0.13311469253846817,-0.5544873301529852,-0.1517448608343651,0.2732312961117544,-0.12531453216546487,-0.20410999477035893,-0.12530199795494426,0.6105926887297445,-1.1077829767083145,0.06473873732769238,0.12015712290778575,-0.2248268631072366,0.0,1.0,1.0,0.0,1.0,0.0,0.0,0.0,0.0,1.0,1.0,0.0,0.0,1.0,1.0,0.0,0.0,0
-0.4756599662075529,-0.5544873301529852,-0.5920181364965753,2.1372759162519452,-0.7011348308486901,-0.5358869442258867,-0.7011126703479106,-0.8022602746159628,-1.1077829767083145,-0.594155590493605,-1.5519737602736046,-0.8728455104324272,0.0,1.0,1.0,0.0,1.0,0.0,0.0,0.0,1.0,0.0,1.0,0.0,0.0,1.0,0.0,1.0,0.0,0
-0.04578248920282759,-0.5544873301529852,-0.2588383603197676,0.2732312961117544,-0.2945276016385763,-0.2530606922310106,-0.2945160806709151,0.3108965306067358,-1.1077829767083145,-0.07703236222851359,-0.23453739560855877,-0.315218630702014,0.0,1.0,1.0,0.0,1.0,0.0,0.0,0.0,1.0,0.0,1.0,0.0,1.0,0.0,1.0,0.0,0.0,0
0.15097164566099677,-0.5544873301529852,0.34802480343084646,0.2732312961117544,-0.10842421662281912,0.024326593379348647,-0.10842927342090522,0.6375599498228369,-1.1077829767083145,0.6206894966924292,0.1520732467214017,0.17628604921018853,0.0,1.0,0.0,1.0,0.0,1.0,0.0,0.0,1.0,0.0,1.0,0.0,0.0,1.0,0.0,1.0,0.0,1
2.3470492292160055,1.2465537483428806,5.048239503067955,0.2732312961117544,2.784778365916066,2.1727183152635035,2.7846868445653326,2.4025041357869337,1.1049320408972623,3.0205254717725336,2.675313398983026,2.8889703551918635,0.0,1.0,0.0,1.0,1.0,0.0,0.0,0.0,1.0,0.0,1.0,0.0,0.0,1.0,1.0,0.0,0.0,0
1.6964991296787477,-0.5544873301529852,-1.0798885230411865,0.2732312961117544,1.3534403414443354,-0.6283493727626731,1.3535291606427933,2.053842089874582,-1.1077829767083145,-1.714358106087577,1.8282626076232713,-1.0698120642311464,1.0,0.0,1.0,0.0,1.0,0.0,0.0,0.0,1.0,0.0,0.0,1.0,0.0,1.0,0.0,1.0,0.0,1
-0.03578914846453177,-0.5544873301529852,0.11003924901884096,0.2732312961117544,-0.2850752232156277,-0.08445273431098825,-0.28507677314739494,0.32925493560556157,-1.1077829767083145,0.3747160902523562,-0.21280997119788644,-0.010636577620851607,0.0,1.0,0.0,1.0,0.0,0.0,1.0,0.0,1.0,0.0,1.0,0.0,0.0,1.0,0.0,1.0,0.0,1
0.6421197691595358,2.1381819465272183,2.787376736153903,-0.6587910139583409,1.5761135839652707,1.552676147428583,1.5760362246106214,1.239449818632929,1.208762345444884,2.195523400241726,1.9884980843321323,2.247395190424892,0.0,1.0,0.0,1.0,0.0,0.0,1.0,0.0,1.0,0.0,0.0,1.0,0.0,1.0,1.0,0.0,0.0,1
-0.38359017120882744,0.12509273497638912,-0.41352897068757116,-2.5228356340985316,-0.30614937838810313,0.27995801345164056,-0.30618037704887796,-0.4877509458725747,0.8533432581931619,-0.300956653470836,-0.2616086789120982,0.5893999723766956,0.0,1.0,1.0,0.0,0.0,1.0,0.0,0.0,1.0,0.0,1.0,0.0,1.0,0.0,0.0,0.0,1.0,0
-0.4324100980942726,-0.055490191238160284,-0.4254282484081714,0.2732312961117544,-0.43414387965622586,-0.3292062216142464,-0.4341303648618796,-0.6465604442162617,0.7736336447580593,-0.3192447336033025,-0.5895826999045256,-0.45922426629526536,1.0,0.0,1.0,0.0,1.0,0.0,0.0,0.0,1.0,0.0,1.0,0.0,0.0,1.0,0.0,0.0,1.0,1
-0.09607684341031641,-0.23880922239535438,-0.3064354712021687,-2.5228356340985316,-0.1990740752691288,0.3778594083729437,-0.19910972941262256,0.21505365558132694,0.6555047458573997,-0.14335063876429482,-0.02611180438679801,0.7388366666752416,0.0,1.0,0.0,1.0,1.0,0.0,0.0,0.0,1.0,0.0,1.0,0.0,0.0,1.0,0.0,0.0,1.0,1
0.5482478963227571,1.1542102065286222,-0.18744269399616592,0.2732312961117544,1.041511853487034,-0.22042689392390952,1.0415593797951106,1.1410435657313824,1.0913438480051971,0.018568298456255856,1.5773237212206446,-0.2547727881754173,0.0,1.0,0.0,1.0,0.0,0.0,0.0,1.0,1.0,0.0,1.0,0.0,0.0,1.0,1.0,0.0,0.0,1
-0.17913624921877516,-0.5544873301529852,-0.18744269399616592,0.2732312961117544,-0.4206626186267747,-0.22042689392390952,-0.4206573234333521,0.042536339450802534,-1.1077829767083145,0.018568298456255856,-0.5521453669190863,-0.2547727881754173,0.0,1.0,0.0,1.0,1.0,0.0,0.0,0.0,1.0,0.0,1.0,0.0,0.0,1.0,0.0,1.0,0.0,1
-0.3824433944027935,-0.5544873301529852,-0.8895000795115822,2.1372759162519452,-0.6129642845756128,-0.6378675639355776,-0.612931506586046,-0.48420912905726765,-1.1077829767083145,-1.2019010292098635,-1.1755558620794926,-1.090544288528066,0.0,1.0,1.0,0.0,1.0,0.0,0.0,0.0,1.0,0.0,1.0,0.0,0.0,1.0,0.0,0.0,1.0,0
-0.002041145315532749,-0.5544873301529852,-0.18744269399616592,0.2732312961117544,-0.25315407641026055,-0.22042689392390952,-0.25314394316735295,0.38969423209973914,-1.1077829767083145,0.018568298456255856,-0.14127923385466698,-0.2547727881754173,0.0,1.0,0.0,1.0,0.0,0.0,1.0,0.0,1.0,0.0,1.0,0.0,0.0,1.0,0.0,0.0,1.0,1
-0.3391935262895132,0.30054546442347974,-0.21124124943736647,0.2732312961117544,-0.18466307209971547,-0.23130482669294317,-0.18465009977469615,-0.3562121748606763,0.9126198900476277,-0.012803201343461017,0.003396579660454203,-0.2748387690787142,0.0,1.0,0.0,1.0,1.0,0.0,0.0,0.0,1.0,0.0,1.0,0.0,0.0,1.0,0.0,1.0,0.0,1
0.08806274658713453,0.8929121845060546,1.7878374076234798,0.2732312961117544,0.4878504091395734,0.6824415259058872,0.4878104899049019,0.5403971139234574,1.0484987793058327,1.6876485888125012,1.0246240096681745,1.176615806513648,0.0,1.0,1.0,0.0,1.0,0.0,0.0,0.0,1.0,0.0,1.0,0.0,0.0,1.0,0.0,1.0,0.0,1
0.09772843680942066,-0.5544873301529852,0.12193852673944124,0.2732312961117544,-0.15878524920410228,-0.07901376792647143,-0.158783582026355,0.5557271417764572,-1.1077829767083145,0.3877455739868702,0.05522299468401092,-0.0011193573876074575,1.0,0.0,1.0,0.0,1.0,0.0,0.0,0.0,1.0,0.0,1.0,0.0,0.0,1.0,0.0,0.0,1.0,1
0.2889125129010801,-0.5544873301529852,-0.21124124943736647,0.2732312961117544,0.022049597018536,-0.23130482669294317,0.02206853970249431,0.8314416483337924,-1.1077829767083145,-0.012803201343461017,0.38153489926033285,-0.2748387690787142,0.0,1.0,1.0,0.0,1.0,0.0,0.0,0.0,1.0,0.0,0.0,1.0,0.0,1.0,0.0,0.0,1.0,1
-0.13719698316953366,-0.5544873301529852,-0.5444210256141742,0.2732312961117544,-0.38099362065505626,-0.3835958854594149,-0.3809742662673471,0.13204108619350993,-1.1077829767083145,-0.5117562072339227,-0.44621527008480655,-0.5647364079601584,0.0,1.0,0.0,1.0,0.0,0.0,1.0,0.0,1.0,0.0,1.0,0.0,0.0,1.0,0.0,0.0,1.0,0
-0.28447589011589347,-0.5544873301529852,-0.3897304152463706,-2.5228356340985316,-0.5202999846260518,0.3017138789897079,-0.5203388902657065,-0.2080781209150844,-1.1077829767083145,-0.26486531719390427,-0.8487510221581724,0.6230037030068257,0.0,1.0,1.0,0.0,0.0,1.0,0.0,0.0,1.0,0.0,1.0,0.0,0.0,1.0,0.0,0.0,1.0,1
-0.5008890559402998,-0.007266341624047663,-0.16364413855496537,0.2732312961117544,-0.4770669751178118,-0.20954896115487587,-0.4770641699150487,-0.9008666695697748,0.7974391613775519,0.04946445417398542,-0.7141331046551403,-0.23478854265503663,0.0,1.0,1.0,0.0,1.0,0.0,0.0,0.0,0.0,1.0,1.0,0.0,0.0,1.0,0.0,1.0,0.0,1
-0.39210908462507965,0.5180658073637324,-0.21124124943736647,0.2732312961117544,-0.1361615237983566,-0.23130482669294317,-0.13614715063199703,-0.5143177918596707,0.9711256761782052,-0.012803201343461017,0.09936409115627166,-0.2748387690787142,0.0,1.0,0.0,1.0,1.0,0.0,0.0,0.0,0.0,1.0,1.0,0.0,1.0,0.0,0.0,0.0,1.0,0
-0.5030187842943628,0.27215837564354106,-0.11604702767256427,0.2732312961117544,-0.35248152836288366,-0.18779309561680843,-0.3524768466272757,-0.9094846729340591,0.903905101203176,0.10988686799186656,-0.37368392894300007,-0.19506261312090575,0.0,1.0,0.0,1.0,1.0,0.0,0.0,0.0,1.0,0.0,1.0,0.0,0.0,1.0,0.0,0.0,1.0,1
0.01384990471093766,-0.5544873301529852,-0.2469390825991673,0.2732312961117544,-0.23812324514753913,-0.24762172584649378,-0.23811052553504228,0.4173582502243405,-1.1077829767083145,-0.06078440959636888,-0.10853848852650869,-0.3050924651015713,0.0,1.0,0.0,1.0,1.0,0.0,0.0,0.0,1.0,0.0,1.0,0.0,0.0,1.0,1.0,0.0,0.0,1
0.6165630289107793,-0.5544873301529852,0.4670175806368492,0.2732312961117544,0.3319636436725862,0.07871625722451704,0.331967001848769,1.213270891274657,-1.1077829767083145,0.7333760263436212,0.8334350514964608,0.26714282154355196,0.0,1.0,1.0,0.0,0.0,0.0,0.0,1.0,1.0,0.0,1.0,0.0,0.0,1.0,1.0,0.0,0.0,1
0.6717721408584136,-0.5544873301529852,1.537952575490874,0.2732312961117544,0.3841841605337936,0.5682232318310334,0.3841502865893566,1.269280661793846,-1.1077829767083145,1.5381182570038616,0.8997233840227676,1.0169911375489922,0.0,1.0,0.0,1.0,0.0,0.0,0.0,1.0,1.0,0.0,1.0,0.0,0.0,1.0,1.0,0.0,0.0,1
-0.4620624697931504,0.16887041405870412,-0.3064354712021687,0.2732312961117544,-0.36053929357588893,-0.27481655776907804,-0.3605279573901887,-0.75160478236161,0.8694555706809215,-0.14335063876429482,-0.3938931721930672,-0.3559335987420099,0.0,1.0,0.0,1.0,1.0,0.0,0.0,0.0,1.0,0.0,1.0,0.0,0.0,1.0,0.0,0.0,1.0,1
-0.5587193720160116,0.0012839863217169861,-0.3897304152463706,-2.5228356340985316,-0.527892878769076,0.3017138789897079,-0.5279320037097711,-1.1537648891318835,0.8014401204602619,-0.26486531719390427,-0.873447100216014,0.6230037030068257,0.0,1.0,0.0,1.0,0.0,0.0,1.0,0.0,0.0,1.0,1.0,0.0,0.0,1.0,0.0,1.0,0.0,1
-0.3773648114046432,-0.07566896519016486,-0.3897304152463706,0.2732312961117544,-0.3912207841946399,-0.31288932246069595,-0.391207321023909,-0.4686204027470287,0.762982161042046,-0.26486531719390427,-0.4729462097639905,-0.42800809210674284,0.0,1.0,0.0,1.0,0.0,0.0,1.0,0.0,1.0,0.0,1.0,0.0,0.0,1.0,0.0,0.0,1.0,1
-0.34853156599578966,-0.3889529811229816,-0.12794630539316454,0.2732312961117544,-0.5058889814566385,-0.19323206200132526,-0.5058883000485468,-0.38296805810093343,0.48906774704564776,0.09494828640563074,-0.8027730925440143,-0.2049639797343117,0.0,1.0,0.0,1.0,0.0,0.0,1.0,0.0,1.0,0.0,1.0,0.0,0.0,1.0,0.0,1.0,0.0,1
-0.3642587907642552,-0.5544873301529852,-0.8895000795115822,0.2732312961117544,-0.595764054986313,-0.5413259106104035,-0.5957384206755474,-0.4291004546629087,-1.1077829767083145,-1.2019010292098635,-1.1103339891906239,-0.8842154471358911,1.0,0.0,1.0,0.0,1.0,0.0,0.0,0.0,1.0,0.0,1.0,0.0,1.0,0.0,0.0,0.0,1.0,0
-0.3883411036909681,-0.055490191238160284,-0.6039174142171756,0.2732312961117544,-0.3924604403812561,-0.4107907173819992,-0.3924392649398337,-0.5025109306505589,0.7736336447580593,-0.6152864248387256,-0.4762129255492411,-0.618355799499025,0.0,1.0,0.0,1.0,1.0,0.0,0.0,0.0,1.0,0.0,1.0,0.0,0.0,1.0,0.0,0.0,1.0,1
-0.2459769544847538,0.015306524152771011,-0.4373275261287717,0.2732312961117544,-0.22572668328137713,-0.33464518799876336,-0.22570671844863813,-0.11172739752999453,0.8078703865787993,-0.3376983189723734,-0.08196827091970066,-0.4696739518042803,0.0,1.0,1.0,0.0,1.0,0.0,0.0,0.0,0.0,1.0,1.0,0.0,0.0,1.0,1.0,0.0,0.0,1
-0.6394852242124025,0.061136281942069534,-0.5087231924523733,0.2732312961117544,-0.57716921218707,-0.3672789863058644,-0.5771568151679859,-1.5944274750718306,0.827834790922725,-0.4520707579932488,-1.0423360150634804,-0.5328438222503004,1.0,0.0,1.0,0.0,1.0,0.0,0.0,0.0,1.0,0.0,1.0,0.0,1.0,0.0,0.0,1.0,0.0,0
-0.4119319408436664,-0.5544873301529852,-1.1988813002471892,-2.5228356340985316,-0.6408565487744773,-0.43798554930458344,-0.6408403953669113,-0.5779565161933713,-1.1077829767083145,-2.1154714964752275,-1.2865071820785885,-0.6725676824934427,0.0,1.0,0.0,1.0,0.0,0.0,1.0,0.0,0.0,1.0,1.0,0.0,1.0,0.0,0.0,0.0,1.0,0
-0.4338845254163163,-0.5544873301529852,-0.9608957458351838,-0.6587910139583409,-0.6616207899002987,-0.5032531459187856,-0.6616000708306502,-0.6516189934188049,-1.1077829767083145,-1.3793265602954516,-1.3736877353957666,-0.8051737411033653,0.0,1.0,1.0,0.0,1.0,0.0,0.0,0.0,0.0,1.0,1.0,0.0,0.0,1.0,1.0,0.0,0.0,0
-0.4756599662075529,6.285775026458735,-0.5087231924523733,0.2732312961117544,2.3980056356918116,-0.3672789863058644,2.398103962914515,-0.8022602746159628,1.4494761361295196,-0.4520707579932488,2.4821416411229547,-0.5328438222503004,0.0,1.0,1.0,0.0,1.0,0.0,0.0,0.0,1.0,0.0,1.0,0.0,0.0,1.0,0.0,1.0,0.0,1
-0.5636341297561571,-0.5544873301529852,-1.1036870784823871,0.2732312961117544,-0.7843467523753026,-0.6392273055317068,-0.7843188167113547,-1.1772858258455932,-1.1077829767083145,-1.7885156335810015,-1.9958216499423245,-1.093513199657534,1.0,0.0,1.0,0.0,1.0,0.0,0.0,0.0,0.0,1.0,1.0,0.0,0.0,1.0,0.0,1.0,0.0,1
0.3338006335944089,-0.5544873301529852,0.5741110801222516,0.2732312961117544,0.06450782141014087,0.12766695468516873,0.06449958078158928,0.8896455506723705,-1.1077829767083145,0.8297297272042946,0.4504200169243399,0.3474997215233134,1.0,0.0,1.0,0.0,1.0,0.0,0.0,0.0,1.0,0.0,0.0,1.0,0.0,1.0,1.0,0.0,0.0,0
-0.14030966307162582,-0.5544873301529852,-0.36593185980517007,0.2732312961117544,-0.3839378040982697,-0.30201138969166225,-0.38392499147477704,0.12557266355299437,-1.1077829767083145,-0.22940168825346138,-0.45387073710315984,-0.40730710995247077,1.0,0.0,1.0,0.0,1.0,0.0,0.0,0.0,1.0,0.0,1.0,0.0,0.0,1.0,0.0,1.0,0.0,1
-0.5302137771231679,0.2663441526404211,-0.36593185980517007,0.2732312961117544,-0.38083866363172925,-0.30201138969166225,-0.3808257614976078,-1.023956961263304,0.9020832698387369,-0.22940168825346138,-0.445813233492835,-0.40730710995247077,0.0,1.0,0.0,1.0,1.0,0.0,0.0,0.0,0.0,1.0,1.0,0.0,0.0,1.0,0.0,0.0,1.0,1
-0.5226778152549447,-0.5544873301529852,-0.9489964681145835,0.2732312961117544,-0.7456074965435463,-0.5685207425329879,-0.7455840378286421,-0.9913806246839025,-1.1077829767083145,-1.3486627152890505,-1.775800291548182,-0.9414637687181682,1.0,0.0,1.0,0.0,1.0,0.0,0.0,0.0,0.0,1.0,1.0,0.0,0.0,1.0,1.0,0.0,0.0,1
0.4745265302205747,-0.5544873301529852,0.07434141585704014,-0.6587910139583409,0.19761590444805543,0.06457494462477342,0.19761650150486174,1.0591331991338424,-1.1077829767083145,0.3351205302800961,0.6510109762546719,0.24368144470502046,0.0,1.0,0.0,1.0,0.0,1.0,0.0,0.0,1.0,0.0,1.0,0.0,1.0,0.0,0.0,1.0,0.0,0
12.38462278717314,-0.5544873301529852,2.5493911817418975,0.2732312961117544,11.46299150032278,1.0305353745149657,11.463241020842396,4.5937379572568,-1.1077829767083145,2.0855718474387963,4.834264244097453,1.633329104153508,0.0,1.0,0.0,1.0,0.0,0.0,0.0,1.0,1.0,0.0,1.0,0.0,1.0,0.0,1.0,0.0,0.0,0
-0.25171083851492354,-0.5544873301529852,-0.9965935789969846,0.2732312961117544,-0.4893085799606468,-0.5902766080710552,-0.48927599692231155,-0.12570378408036334,-1.1077829767083145,-1.4741858622131117,-0.7512598633635966,-0.9877483147480278,1.0,0.0,1.0,0.0,0.0,1.0,0.0,0.0,0.0,1.0,0.0,1.0,0.0,1.0,0.0,1.0,0.0,0
0.13966770285866215,-0.5544873301529852,0.16953563762184234,0.2732312961117544,-0.11911625123238385,-0.05725790238840411,-0.11911516011302006,0.6205434560628812,-1.1077829767083145,0.43904657575501027,0.13193399268883388,0.03676596980202078,0.0,1.0,0.0,1.0,1.0,0.0,0.0,0.0,1.0,0.0,1.0,0.0,0.0,1.0,0.0,0.0,1.0,1
0.11345566157788621,-0.5544873301529852,0.8596937454166583,0.2732312961117544,-0.14390937496470788,0.25820214791357304,-0.14393396594963484,0.5803516519386487,-1.1077829767083145,1.0664133350413663,0.08436644060063972,0.5555644900493251,0.0,1.0,0.0,1.0,1.0,0.0,0.0,0.0,0.0,1.0,1.0,0.0,1.0,0.0,1.0,0.0,0.0,0
-0.5161248049347508,0.14082533839659606,-0.4254282484081714,0.2732312961117544,-0.4243815871866233,-0.3292062216142464,-0.4243677904337964,-0.9635988962676971,0.8592500148674929,-0.3192447336033025,-0.5623969057650318,-0.45922426629526536,0.0,1.0,0.0,1.0,1.0,0.0,0.0,0.0,0.0,1.0,1.0,0.0,0.0,1.0,1.0,0.0,0.0,1
-0.5331626317672551,0.5526091322646216,0.38372263659264727,0.2732312961117544,-0.2539288615268957,0.04064349253289924,-0.25393941219482635,-1.0368927589390422,0.9793082871381608,0.655154101916611,-0.14298282626417586,0.20372018681840157,1.0,0.0,0.0,1.0,1.0,0.0,0.0,0.0,0.0,1.0,1.0,0.0,1.0,0.0,0.0,1.0,0.0,0
-0.3945664634951524,-0.5544873301529852,-1.0203921344381852,0.2732312961117544,-0.6244311043018127,-0.6011545408400888,-0.6244015630296759,-0.5220666080899834,-1.1077829767083145,-1.5399692207850493,-1.220360708367313,-1.0110553680430558,1.0,0.0,1.0,0.0,1.0,0.0,0.0,0.0,1.0,0.0,1.0,0.0,0.0,1.0,0.0,0.0,1.0,1
-0.45927744040706797,-0.5544873301529852,0.16953563762184234,0.2732312961117544,-0.6856391285159876,-0.05725790238840411,-0.685654399939563,-0.741430528997781,-1.1077829767083145,0.43904657575501027,-1.4799809210305435,0.03676596980202078,1.0,0.0,1.0,0.0,0.0,1.0,0.0,0.0,1.0,0.0,1.0,0.0,0.0,1.0,0.0,0.0,1.0,0
-0.6231026984119176,6.285775026458735,1.1095785775492641,0.2732312961117544,2.258544314697489,0.3724204419884269,2.258580072931218,-1.4943561728008492,1.4494761361295196,1.2531286647299555,2.4071835261825165,0.7306529692118547,0.0,1.0,0.0,1.0,0.0,0.0,1.0,0.0,1.0,0.0,0.0,1.0,0.0,1.0,0.0,0.0,1.0,0
-0.717302221764706,0.3939150455912297,-0.4016296929669709,0.2732312961117544,-0.5000006145702115,-0.31832828884521275,-0.49998986277394253,-2.1847429712464153,0.9393710583867446,-0.2828311362010103,-0.7843127569669283,-0.4383914303564882,0.0,1.0,0.0,1.0,1.0,0.0,0.0,0.0,1.0,0.0,1.0,0.0,0.0,1.0,1.0,0.0,0.0,1
-0.35344632373593515,-0.0698547421870449,-0.09224847223136372,0.2732312961117544,-0.36596278939233484,-0.17691516284777467,-0.3659593579251779,-0.39723763824699954,0.7660965545698707,0.13943966449561124,-0.4076218646617915,-0.17531962675287943,0.0,1.0,0.0,1.0,1.0,0.0,0.0,0.0,1.0,0.0,1.0,0.0,0.0,1.0,0.0,1.0,0.0,1
0.06971431769059137,-0.5544873301529852,-0.09224847223136372,0.2732312961117544,-0.18528290019302357,-0.17691516284777467,-0.18527425025620933,0.5108726714613824,-1.1077829767083145,0.13943966449561124,0.002137113131998892,-0.17531962675287943,0.0,1.0,0.0,1.0,1.0,0.0,0.0,0.0,1.0,0.0,1.0,0.0,0.0,1.0,1.0,0.0,0.0,1
-0.439618409446486,-0.5544873301529852,-0.7824065800261797,0.2732312961117544,-0.6670442857167446,-0.4923752131497519,-0.6670245841879122,-0.6714494195528675,-1.1077829767083145,-0.9617287853353964,-1.397157317033541,-0.7828223334611453,1.0,0.0,1.0,0.0,1.0,0.0,0.0,0.0,0.0,1.0,1.0,0.0,1.0,0.0,0.0,0.0,1.0,0
-0.5870611416508507,0.03343321939779207,-0.5444210256141742,0.2732312961117544,-0.540134483611911,-0.3835958854594149,-0.5401197255949893,-1.294580352739507,0.8159522313015694,-0.5117562072339227,-0.9139761564676889,-0.5647364079601584,0.0,1.0,0.0,1.0,1.0,0.0,0.0,0.0,1.0,0.0,1.0,0.0,0.0,1.0,0.0,0.0,1.0,1
0.30251000931548266,0.015648537270601597,-0.4254282484081714,0.2732312961117544,0.2932243878408299,-0.3292062216142464,0.2932589107797487,0.8493044089826142,0.8080252391970063,-0.3192447336033025,0.7826659733515352,-0.45922426629526536,0.0,1.0,0.0,1.0,0.0,1.0,0.0,0.0,1.0,0.0,1.0,0.0,1.0,0.0,0.0,0.0,1.0,0
1.5524967278924848,-0.5544873301529852,-0.5920181364965753,0.2732312961117544,1.2172331179398805,-0.40535175099748233,1.2173003547532784,1.9647978259715662,-1.1077829767083145,-0.594155590493605,1.7228774985530402,-0.6075849378914553,0.0,1.0,0.0,1.0,1.0,0.0,0.0,0.0,1.0,0.0,1.0,0.0,0.0,1.0,0.0,1.0,0.0,1
-0.4484649733787479,0.9161690765185344,-0.2945361934815684,0.2732312961117544,-0.009096764670196041,-0.2693775913845611,-0.009075708427801197,-0.7025509346501453,1.052613874097023,-0.12656776816830648,0.3293068683196712,-0.34572313617690403,0.0,1.0,0.0,1.0,1.0,0.0,0.0,0.0,1.0,0.0,1.0,0.0,0.0,1.0,1.0,0.0,0.0,1
-0.13064397284933968,-0.5544873301529852,-0.7705073023055794,0.2732312961117544,-0.37479533972197526,-0.48693624676523506,-0.3747676277894578,0.14557130560148995,-1.1077829767083145,-0.9367087503711017,-0.4302020696207412,-0.7716846998658348,1.0,0.0,1.0,0.0,0.0,1.0,0.0,0.0,0.0,1.0,1.0,0.0,0.0,1.0,1.0,0.0,0.0,0
0.08707979503910543,-0.5544873301529852,-0.1517448608343651,0.2732312961117544,-0.1688574557203589,-0.20410999477035893,-0.16884617913417252,0.538829609417411,-1.1077829767083145,0.06473873732769238,0.03522453310297774,-0.2248268631072366,0.0,1.0,0.0,1.0,0.0,0.0,1.0,0.0,1.0,0.0,1.0,0.0,0.0,1.0,0.0,1.0,0.0,1
-0.4068533578455161,-0.5489740784062651,-0.6991116359819778,0.2732312961117544,-0.633554973705144,-0.45430244845813395,-0.6335373180647089,-0.5614020275629763,-0.37438356671660344,-0.7927119559243119,-1.2568086539007974,-0.7053846977739293,0.0,1.0,0.0,1.0,1.0,0.0,0.0,0.0,1.0,0.0,1.0,0.0,0.0,1.0,1.0,0.0,0.0,1
-0.44010988522050054,-0.5544873301529852,-1.0203921344381852,-2.5228356340985316,-0.6675091567867256,-0.27481655776907804,-0.6675066866288053,-0.6731610226809561,-1.1077829767083145,-1.5399692207850493,-1.399183022839083,-0.3559335987420099,0.0,1.0,1.0,0.0,1.0,0.0,0.0,0.0,0.0,1.0,1.0,0.0,0.0,1.0,0.0,0.0,1.0,1
0.527605913814146,-0.5544873301529852,0.05054286041583959,0.2732312961117544,0.24782198000601155,-0.11164756623357251,0.24783797366990123,1.1185411480799734,-1.1077829767083145,0.30828978440519506,0.7213210996124854,-0.05850159622205884,1.0,0.0,1.0,0.0,0.0,1.0,0.0,0.0,1.0,0.0,0.0,1.0,0.0,1.0,0.0,1.0,0.0,1
0.17964106581184544,-0.5544873301529852,-0.4849246370111728,0.2732312961117544,-0.08130673754058973,-0.35640105353683066,-0.0812808797181183,0.6798989631896079,-1.1077829767083145,-0.41322944521526506,0.20218205043325996,-0.5116966968723385,0.0,1.0,1.0,0.0,1.0,0.0,0.0,0.0,1.0,0.0,1.0,0.0,1.0,0.0,1.0,0.0,0.0,0
1.2241909108507665,-0.5544873301529852,3.0848586791689097,0.2732312961117544,0.9066992431925223,1.2752888618182239,0.9066245024210636,1.7403752066858358,-1.1077829767083145,2.325116383976776,1.457270246894322,1.9307611066734593,0.0,1.0,1.0,0.0,1.0,0.0,0.0,0.0,1.0,0.0,1.0,0.0,0.0,1.0,0.0,1.0,0.0,1
-0.48794686055791664,0.24582336557058596,-0.03275208362836234,0.2732312961117544,-0.3501571730129783,-0.14972033092519052,-0.35015543728465426,-0.849500621775329,0.8955485457333061,0.21150042340687933,-0.3678954336806113,-0.12630697645246827,0.0,1.0,0.0,1.0,1.0,0.0,0.0,0.0,1.0,0.0,1.0,0.0,0.0,1.0,0.0,1.0,0.0,1
-0.2708783937014909,-0.5544873301529852,-0.5444210256141742,0.2732312961117544,-0.5074385516899087,-0.3835958854594149,-0.5074228493358535,-0.17336036283282602,-1.1077829767083145,-0.5117562072339227,-0.8076620787293439,-0.5647364079601584,0.0,1.0,1.0,0.0,1.0,0.0,0.0,0.0,1.0,0.0,1.0,0.0,0.0,1.0,0.0,0.0,1.0,1
0.7607292559550469,-0.5544873301529852,-0.21124124943736647,-1.5908133240284363,0.4683258242003683,0.11678902191613506,0.46833010770396144,1.3554790097432299,-1.1077829767083145,-0.012803201343461017,1.0017403124822313,0.3297560295181082,1.0,0.0,0.0,1.0,1.0,0.0,0.0,0.0,1.0,0.0,1.0,0.0,0.0,1.0,0.0,1.0,0.0,1
-0.5696956643023365,0.07857895095142942,-1.1393849116441879,0.2732312961117544,-0.5032547120600791,-0.6555442046852573,-0.5032173664362779,-1.2067948206197483,0.8350452530613673,-1.905067770582251,-0.7944915726975462,-1.129280980133303,0.0,1.0,1.0,0.0,1.0,0.0,0.0,0.0,1.0,0.0,1.0,0.0,0.0,1.0,0.0,1.0,0.0,1
-0.5226778152549447,-0.169722572593576,-0.21124124943736647,0.2732312961117544,-0.571280845300643,-0.23130482669294317,-0.5712790394265628,-0.9913806246839025,0.7065579993504528,-0.012803201343461017,-1.0213178696972038,-0.2748387690787142,0.0,1.0,0.0,1.0,1.0,0.0,0.0,0.0,1.0,0.0,1.0,0.0,0.0,1.0,0.0,0.0,1.0,1
0.8211807761588364,-0.5544873301529852,0.49081613607804975,0.2732312961117544,0.5255049658080405,0.08959418999355091,0.5255130530257742,1.4114370530128528,-1.1077829767083145,0.7551848680986367,1.067967425098367,0.2851139972850881,0.0,1.0,1.0,0.0,1.0,0.0,0.0,0.0,1.0,0.0,0.0,1.0,1.0,0.0,0.0,0.0,1.0,0
0.2848168814509589,-0.5544873301529852,-0.09224847223136372,0.2732312961117544,0.018175671435360374,-0.17691516284777467,0.01819019774495338,0.8260207495266875,-1.1077829767083145,0.13943966449561124,0.37511919108324393,-0.17531962675287943,1.0,0.0,0.0,1.0,1.0,0.0,0.0,0.0,0.0,1.0,0.0,1.0,0.0,1.0,1.0,0.0,0.0,1
-0.2856226669219274,1.1774670985411022,0.49081613607804975,0.2732312961117544,0.26331768233871405,0.08959418999355091,0.2633181969572538,-0.2110419576869382,1.094834010035269,0.7551848680986367,0.7424890818713935,0.2851139972850881,0.0,1.0,1.0,0.0,1.0,0.0,0.0,0.0,1.0,0.0,1.0,0.0,0.0,1.0,0.0,1.0,0.0,1
0.4091602522766397,0.07242271483047887,0.40752119203384785,0.2732312961117544,0.4198242758990094,0.0515214253019329,0.41983232394455755,0.9827028043458277,0.8325233115839226,0.6778110824203202,0.9436287488202136,0.22192475498482392,0.0,1.0,0.0,1.0,1.0,0.0,0.0,0.0,1.0,0.0,1.0,0.0,0.0,1.0,1.0,0.0,0.0,1
-0.11409762179084987,0.12714481368337263,0.026744304974639036,0.2732312961117544,-0.050315332875184714,-0.12252549900260627,-0.050307089236567015,0.17921908176119766,0.8541214106649015,0.2811012847214943,0.25782339635858903,-0.07777912786825877,0.0,1.0,1.0,0.0,0.0,0.0,0.0,1.0,0.0,1.0,1.0,0.0,0.0,1.0,0.0,1.0,0.0,1
5.294101795465245,-0.5544873301529852,0.07434141585704014,0.2732312961117544,4.756296573705806,-0.10076963346453885,4.756441922059684,3.4079194045546424,-1.1077829767083145,0.3351205302800961,3.4308317035114433,-0.039299514990576837,0.0,1.0,1.0,0.0,0.0,1.0,0.0,0.0,1.0,0.0,1.0,0.0,0.0,1.0,0.0,1.0,0.0,1
0.31610750572988516,2.2955079807292877,0.34802480343084646,-0.6587910139583409,1.3390293382749223,0.21469041683743842,1.3390510217147253,0.8669638591990013,1.2234232048186175,0.6206894966924292,1.8173944626353151,0.48718532752579613,0.0,1.0,0.0,1.0,1.0,0.0,0.0,0.0,1.0,0.0,1.0,0.0,0.0,1.0,1.0,0.0,0.0,1
-0.3174047669748682,-0.1406514575779762,-0.18744269399616592,0.2732312961117544,-0.3639483480890835,-0.22042689392390952,-0.3639414148511544,-0.295519668847419,0.7253497052814321,0.018568298456255856,-0.4025106467928654,-0.2547727881754173,0.0,1.0,0.0,1.0,0.0,1.0,0.0,0.0,1.0,0.0,0.0,1.0,0.0,1.0,1.0,0.0,0.0,1
-0.1231080109811166,-0.5544873301529852,-0.4254282484081714,0.2732312961117544,-0.3676673166489321,-0.3292062216142464,-0.3676518818515987,0.16098657961750007,-1.1077829767083145,-0.3192447336033025,-0.41195788114281606,-0.45922426629526536,0.0,1.0,0.0,1.0,0.0,0.0,1.0,0.0,0.0,1.0,1.0,0.0,0.0,1.0,1.0,0.0,0.0,1
-0.3054455231405142,-0.08387728001809892,-1.0798885230411865,0.2732312961117544,-0.3269136195139245,-0.6283493727626731,-0.326873332978386,-0.2631895510194618,0.7585204218171687,-1.714358106087577,-0.3109924467230063,-1.0698120642311464,0.0,1.0,0.0,1.0,1.0,0.0,0.0,0.0,1.0,0.0,1.0,0.0,0.0,1.0,1.0,0.0,0.0,0
-0.3380467494834793,0.030355101337316795,0.05054286041583959,0.2732312961117544,-0.3059944213647761,-0.11164756623357251,-0.30599442325024784,-0.3529579484848483,0.8145975499093313,0.30828978440519506,-0.2612450907262738,-0.05850159622205884,0.0,1.0,0.0,1.0,0.0,0.0,1.0,0.0,1.0,0.0,1.0,0.0,1.0,0.0,1.0,0.0,0.0,0
-0.4315909718042484,-0.027103102458221652,0.5265139692398506,0.2732312961117544,-0.42050766160344766,0.1059110891471014,-0.42052818885096993,-0.6437572490937546,0.7879109999121221,0.7874669238609233,-0.5517194589671582,0.31194793195610604,0.0,1.0,1.0,0.0,0.0,1.0,0.0,0.0,0.0,1.0,0.0,1.0,0.0,1.0,0.0,1.0,0.0,0
-0.5069505904864792,-0.12526086727559982,-0.2469390825991673,0.2732312961117544,-0.5362605580287354,-0.24762172584649378,-0.5362564493387262,-0.9255216950681819,0.7347708986167214,-0.06078440959636888,-0.9010534984457959,-0.3050924651015713,0.0,1.0,0.0,1.0,0.0,0.0,1.0,0.0,0.0,1.0,1.0,0.0,1.0,0.0,1.0,0.0,0.0,0
-0.5644532560461814,-0.05651623059165205,-1.0203921344381852,-0.6587910139583409,-0.5595041115277891,-0.5358869442258867,-0.5594778603912749,-1.1812408829916803,0.7731025165630064,-1.5399692207850493,-0.9799898115337905,-0.8728455104324272,0.0,1.0,0.0,1.0,0.0,0.0,1.0,0.0,0.0,1.0,1.0,0.0,0.0,1.0,0.0,0.0,1.0,1
-0.2384409926165307,0.03822140304742027,0.03864358269523931,0.2732312961117544,-0.20821653964542328,-0.11708653261808945,-0.20821328702194936,-0.09354783865863821,0.8180454878511,0.2947408490651512,-0.045081039947607586,-0.06813089370328884,0.0,1.0,0.0,1.0,1.0,0.0,0.0,0.0,1.0,0.0,1.0,0.0,1.0,0.0,1.0,0.0,0.0,0
-0.47844499559363535,0.2889170184172398,-0.6634138028201769,-2.5228356340985316,-0.32164508072080567,0.0515214253019329,-0.32165844809319083,-0.8128427258022758,0.9090854673430476,-0.724355590996497,-0.29833594571704053,0.22192475498482392,0.0,1.0,0.0,1.0,1.0,0.0,0.0,0.0,1.0,0.0,1.0,0.0,1.0,0.0,1.0,0.0,0.0,1
0.27547884174468246,-0.5544873301529852,-0.7348094691437785,0.2732312961117544,0.009343121105719944,-0.4706193476116845,0.009380636534849668,0.8135898192384384,-1.1077829767083145,-0.8634395292591737,0.36040701438763545,-0.738422704720935,0.0,1.0,1.0,0.0,1.0,0.0,0.0,0.0,1.0,0.0,0.0,1.0,0.0,1.0,0.0,1.0,0.0,1
-0.2530214405789623,-0.5544873301529852,-0.5920181364965753,0.2732312961117544,-0.490548236147263,-0.40535175099748233,-0.4905303241658492,-0.12891614149755654,-1.1077829767083145,-0.594155590493605,-0.7550617324784021,-0.6075849378914553,0.0,1.0,0.0,1.0,0.0,0.0,1.0,0.0,1.0,0.0,1.0,0.0,0.0,1.0,0.0,1.0,0.0,1
-0.1806106765408188,-0.5544873301529852,-0.3302340266433692,0.2732312961117544,-0.4220572318367179,-0.2856944905381117,-0.4220468115397829,0.039293771753878416,-1.1077829767083145,-0.17733654659761747,-0.555982990314796,-0.37641849485639894,0.0,1.0,0.0,1.0,1.0,0.0,0.0,0.0,1.0,0.0,1.0,0.0,0.0,1.0,0.0,0.0,1.0,1
-0.2777590545376946,0.32414436955379017,0.3242262479896459,0.2732312961117544,-0.11586215374251632,0.01344866061031499,-0.11586656446889561,-0.1908312871828069,0.9196473222220657,0.5973851599921436,0.1380867458972512,0.15791102588899433,0.0,1.0,0.0,1.0,1.0,0.0,0.0,0.0,1.0,0.0,1.0,0.0,0.0,1.0,0.0,0.0,1.0,0
-0.17192793786656177,-0.5544873301529852,-0.11604702767256427,0.2732312961117544,-0.41384450960038555,-0.18779309561680843,-0.4138416001752273,0.058292070374151836,-1.1077829767083145,0.10988686799186656,-0.5334982430162277,-0.19506261312090575,0.0,1.0,1.0,0.0,0.0,0.0,1.0,0.0,1.0,0.0,1.0,0.0,0.0,1.0,1.0,0.0,0.0,1
0.4800965889927396,-0.5544873301529852,0.16953563762184234,0.2732312961117544,0.20288444324117427,-0.05725790238840411,0.20289483451486717,1.0654752751269552,-1.1077829767083145,0.43904657575501027,0.6585169102808528,0.03676596980202078,0.0,1.0,0.0,1.0,1.0,0.0,0.0,0.0,1.0,0.0,1.0,0.0,0.0,1.0,0.0,1.0,0.0,0
-0.5439750987955752,0.8419522299492973,0.16953563762184234,0.2732312961117544,-0.1330623833318161,-0.05725790238840411,-0.13306169501028178,-1.0852686628946115,1.039245825078907,0.43904657575501027,0.10532902128841158,0.03676596980202078,0.0,1.0,0.0,1.0,1.0,0.0,0.0,0.0,1.0,0.0,0.0,1.0,0.0,1.0,0.0,1.0,0.0,1
0.38278438573785895,-0.5544873301529852,-0.21124124943736647,-2.5228356340985316,0.11083997138492138,0.46488287052521343,0.11080638112657772,0.9507637540948521,-1.1077829767083145,-0.012803201343461017,0.5227542499398441,0.8679526838847595,0.0,1.0,0.0,1.0,0.0,0.0,0.0,1.0,1.0,0.0,1.0,0.0,0.0,1.0,0.0,0.0,1.0,1
-0.39128995833505537,0.1938373716603369,0.08624069357764041,0.2732312961117544,-0.2822859967957413,-0.09533066708002202,-0.2822866052707267,-0.511743429101722,0.8782135862567292,0.3484046636891828,-0.20644741655972867,-0.02972658416462163,0.0,1.0,0.0,1.0,1.0,0.0,0.0,0.0,1.0,0.0,1.0,0.0,0.0,1.0,1.0,0.0,0.0,1
-0.03480619691650267,-0.5544873301529852,-0.16364413855496537,0.2732312961117544,-0.28414548107566556,-0.20954896115487587,-0.2841371038362615,0.33104900180460384,-1.1077829767083145,0.04946445417398542,-0.2106866692155015,-0.23478854265503663,1.0,0.0,1.0,0.0,0.0,1.0,0.0,0.0,0.0,1.0,1.0,0.0,0.0,1.0,0.0,1.0,0.0,1
-0.2027270863714735,-0.5544873301529852,-0.5682195810553747,0.2732312961117544,-0.4429764299858663,-0.3944738182284487,-0.44295800491351667,-0.01017592587738517,-1.1077829767083145,-0.5525397120498465,-0.6145310567710509,-0.5861138949060333,0.0,1.0,1.0,0.0,1.0,0.0,0.0,0.0,1.0,0.0,1.0,0.0,1.0,0.0,0.0,1.0,0.0,0
0.09772843680942066,-0.5544873301529852,-0.06844991679016317,0.2732312961117544,-0.15878524920410228,-0.16603723007874102,-0.15877669484862794,0.5557271417764572,-1.1077829767083145,0.16857026372749884,0.05522299468401092,-0.15565577080302495,0.0,1.0,1.0,0.0,1.0,0.0,0.0,0.0,1.0,0.0,1.0,0.0,0.0,1.0,1.0,0.0,0.0,1
-0.4024300758793852,0.01462249791710984,-0.9013993572321825,-2.5228356340985316,-0.3740205546053401,-0.16603723007874102,-0.3740182167630339,-0.547126125823499,0.8075604024681965,-1.2304204768512392,-0.42821020249138436,-0.15565577080302495,0.0,1.0,0.0,1.0,0.0,0.0,0.0,1.0,0.0,1.0,1.0,0.0,1.0,0.0,0.0,0.0,1.0,0
1.8493480953972723,-0.5544873301529852,-0.4254282484081714,0.2732312961117544,1.49801524420845,-0.3292062216142464,1.4980845644043033,2.143079574369876,-1.1077829767083145,-0.3192447336033025,1.9338763959177363,-0.45922426629526536,0.0,1.0,0.0,1.0,1.0,0.0,0.0,0.0,1.0,0.0,1.0,0.0,0.0,1.0,0.0,1.0,0.0,1
-0.8508198070386584,0.4431649345588341,-0.5682195810553747,0.2732312961117544,-0.6039767772226453,-0.3944738182284487,-0.6039630022274605,-4.638648571776142,0.9524389239219895,-0.5525397120498465,-1.1411871520508299,-0.5861138949060333,1.0,0.0,0.0,1.0,0.0,0.0,1.0,0.0,0.0,1.0,1.0,0.0,0.0,1.0,0.0,1.0,0.0,1
-0.17536826828466362,0.28378682164978103,-0.4254282484081714,0.2732312961117544,-0.03729894291571461,-0.3292062216142464,-0.0372739662853543,0.050792244597995605,0.9075106501027669,-0.3192447336033025,0.2806991747139319,-0.45922426629526536,0.0,1.0,0.0,1.0,1.0,0.0,0.0,0.0,1.0,0.0,1.0,0.0,0.0,1.0,0.0,0.0,1.0,0
-0.3200259711029458,0.15655794181680302,0.1933341930630429,0.2732312961117544,-0.23177000719113108,-0.04637996961937035,-0.23177303068033897,-0.3026966371955504,0.8650246695898871,0.46422105929097324,-0.09487323130938384,0.055599488099646155,0.0,1.0,0.0,1.0,0.0,1.0,0.0,0.0,1.0,0.0,0.0,1.0,0.0,1.0,0.0,1.0,0.0,1
-0.4505947017328109,-0.04146765340710626,-0.3897304152463706,-2.5228356340985316,-0.44499087128911763,0.3017138789897079,-0.4450276018204931,-0.7101323761648336,0.7807849873754168,-0.26486531719390427,-0.6202688159507008,0.6230037030068257,0.0,1.0,0.0,1.0,0.0,1.0,0.0,0.0,0.0,1.0,1.0,0.0,1.0,0.0,1.0,0.0,0.0,0
-0.11671882591892746,-0.5544873301529852,-0.5444210256141742,0.2732312961117544,-0.3616239927391781,-0.3835958854594149,-0.36160407891003915,0.17393714277671957,-1.1077829767083145,-0.5117562072339227,-0.39663071180890186,-0.5647364079601584,0.0,1.0,0.0,1.0,0.0,0.0,0.0,1.0,1.0,0.0,1.0,0.0,0.0,1.0,0.0,1.0,0.0,1
-0.4756599662075529,-0.5544873301529852,-0.6277159696583761,0.2732312961117544,-0.7011348308486901,-0.42166865015103283,-0.7011217097686774,-0.8022602746159628,-1.1077829767083145,-0.6582165845181062,-1.5519737602736046,-0.6399687220805103,1.0,0.0,1.0,0.0,1.0,0.0,0.0,0.0,1.0,0.0,0.0,1.0,0.0,1.0,0.0,0.0,1.0,1
0.021058216063151045,1.0351896415235784,0.1933341930630429,0.2732312961117544,0.4889351083028626,-0.04637996961937035,0.4889529005103751,0.42974608511754786,1.0727043208664,0.46422105929097324,1.0258870030744396,0.055599488099646155,0.0,1.0,1.0,0.0,0.0,0.0,1.0,0.0,1.0,0.0,1.0,0.0,0.0,1.0,1.0,0.0,0.0,1
1.8219892773104625,-0.20768602867277106,0.05054286041583959,0.2732312961117544,1.6292638429664401,-0.11164756623357251,1.629319735993104,2.1274792220435765,0.679759513511132,0.30828978440519506,2.024763282865075,-0.05850159622205884,0.0,1.0,0.0,1.0,0.0,0.0,1.0,0.0,1.0,0.0,0.0,1.0,0.0,1.0,1.0,0.0,0.0,1
0.21240611741281537,0.04403562605054023,1.0024850780638617,-0.6587910139583409,0.22085945794710918,0.5736621982155504,0.22082043634392806,0.7269126516908189,0.8205646954732526,1.175191511934786,0.6838969219064231,1.0247112421974076,0.0,1.0,0.0,1.0,0.0,0.0,1.0,0.0,1.0,0.0,1.0,0.0,0.0,1.0,0.0,1.0,0.0,1
-0.414553144971744,0.08576122642587172,-0.16364413855496537,0.2732312961117544,-0.35325631347951875,-0.20954896115487587,-0.3532499323271363,-0.5865703791408083,0.8379567208969593,0.04946445417398542,-0.37561748932645417,-0.23478854265503663,0.0,1.0,0.0,1.0,0.0,0.0,1.0,0.0,1.0,0.0,1.0,0.0,1.0,0.0,0.0,1.0,0.0,0
1.845252463947151,0.21504218496583322,-0.711010913702578,0.2732312961117544,1.8427946211110808,-0.4597414148426508,1.8428842301309751,2.1407541519174558,0.8854255133502299,-0.8160162926245993,2.1636425608380696,-0.7163726653942818,0.0,1.0,0.0,1.0,0.0,1.0,0.0,0.0,1.0,0.0,0.0,1.0,0.0,1.0,0.0,1.0,0.0,1
-0.4024300758793852,-0.0062403022705559055,-0.21124124943736647,0.2732312961117544,-0.38347293302828867,-0.23130482669294317,-0.38346570281010495,-0.547126125823499,0.7979225625791775,-0.012803201343461017,-0.4526598553405214,-0.2748387690787142,0.0,1.0,0.0,1.0,0.0,0.0,1.0,0.0,1.0,0.0,1.0,0.0,0.0,1.0,0.0,0.0,1.0,0
-0.17258323889858118,-0.5544873301529852,0.09813997129824069,0.2732312961117544,-0.4144643376936937,-0.08989170069550519,-0.4144691942456041,0.05686632427955567,-1.1077829767083145,0.3616028150499546,-0.5351856330972904,-0.020172295864241425,1.0,0.0,1.0,0.0,1.0,0.0,0.0,0.0,0.0,1.0,1.0,0.0,0.0,1.0,1.0,0.0,0.0,1
-0.3781839376946674,-0.5544873301529852,-0.3897304152463706,0.2732312961117544,-0.6089354019691101,-0.31288932246069595,-0.6089282269200503,-0.4711241439362394,-1.1077829767083145,-0.26486531719390427,-1.1600696025079178,-0.42800809210674284,0.0,1.0,0.0,1.0,0.0,0.0,0.0,1.0,0.0,1.0,1.0,0.0,0.0,1.0,1.0,0.0,0.0,1
-0.5439750987955752,0.5228539910133606,-0.21124124943736647,0.2732312961117544,-0.2776372860959305,-0.23130482669294317,-0.2776269990897743,-1.0852686628946115,0.972275498136578,-0.012803201343461017,-0.1958919048747037,-0.2748387690787142,0.0,1.0,0.0,1.0,1.0,0.0,0.0,0.0,1.0,0.0,1.0,0.0,0.0,1.0,0.0,1.0,0.0,1
0.8894959087468587,-0.5544873301529852,1.0500821889462626,0.2732312961117544,0.59012204453541,0.34522561006584274,0.5901117669651803,1.4723364883389725,-1.1077829767083145,1.2101985050505752,1.1400427430677396,0.6895284577439551,0.0,1.0,0.0,1.0,1.0,0.0,0.0,0.0,1.0,0.0,1.0,0.0,0.0,1.0,0.0,1.0,0.0,1
0.47993276373473476,-0.5544873301529852,1.192873521593466,0.2732312961117544,0.20272948621784725,0.4104932066800449,0.2027028544357261,1.0652891130200353,-1.1077829767083145,1.3117518022683154,0.6582965848709662,0.7876542385250924,0.0,1.0,0.0,1.0,0.0,0.0,1.0,0.0,1.0,0.0,1.0,0.0,0.0,1.0,0.0,1.0,0.0,1
-0.5644532560461814,0.27865662488232223,-0.17554341627556563,0.2732312961117544,-0.40764622866730454,-0.2149879275393927,-0.4076409879778491,-1.1812408829916803,0.9059261693704034,0.03407489232129134,-0.5167090780487354,-0.24477049013043256,0.0,1.0,0.0,1.0,0.0,1.0,0.0,0.0,0.0,1.0,1.0,0.0,0.0,1.0,1.0,0.0,0.0,1
-0.3041349210764754,-0.5544873301529852,-0.7824065800261797,0.2732312961117544,-0.5388948274252948,-0.4923752131497519,-0.5388714246319628,-0.259687138520341,-1.1077829767083145,-0.9617287853353964,-0.9098310031804339,-0.7828223334611453,0.0,1.0,1.0,0.0,0.0,0.0,1.0,0.0,1.0,0.0,1.0,0.0,1.0,0.0,1.0,0.0,0.0,0
2.1181853437832308,-0.5544873301529852,4.215290062625936,0.2732312961117544,1.752299719488098,1.7919906683473243,1.752208509073945,2.2885666835857887,-1.1077829767083145,2.7538446847528646,2.106062387479539,2.505055257198328,0.0,1.0,0.0,1.0,0.0,1.0,0.0,0.0,1.0,0.0,1.0,0.0,0.0,1.0,0.0,0.0,1.0,0
-0.13441195378345122,0.15792599428812537,0.16953563762184234,0.2732312961117544,-0.055583871668303565,-0.05725790238840411,-0.055580945581049986,0.13780585237723655,0.8655207633699971,0.43904657575501027,0.2484825215939325,0.03676596980202078,0.0,1.0,0.0,1.0,0.0,0.0,1.0,0.0,1.0,0.0,0.0,1.0,0.0,1.0,0.0,1.0,0.0,1
-0.4863086079778681,-0.5544873301529852,-0.841902968629181,0.2732312961117544,-0.7112070373649467,-0.5195700450723362,-0.7111864591195347,-0.8431181854687347,-1.1077829767083145,-1.0916521654395093,-1.6003296588218918,-0.8388929493786207,0.0,1.0,1.0,0.0,1.0,0.0,0.0,0.0,1.0,0.0,1.0,0.0,0.0,1.0,0.0,0.0,1.0,0
-0.4430587398645879,0.3980192030051967,-0.5920181364965753,0.2732312961117544,-0.23874307324084723,-0.40535175099748233,-0.23871788852084577,-0.6834704830579225,0.9404856647208141,-0.594155590493605,-0.10987714513873593,-0.6075849378914553,0.0,1.0,1.0,0.0,1.0,0.0,0.0,0.0,0.0,1.0,1.0,0.0,0.0,1.0,0.0,1.0,0.0,1
-0.011543010279814025,-0.1676704938865925,0.47891685835744946,0.2732312961117544,-0.08688519038036263,0.08415522360903409,-0.08689436001426605,0.3729141042472739,0.7079302792841845,0.7443096035656478,0.19198506656382125,0.27613663797924176,0.0,1.0,0.0,1.0,0.0,1.0,0.0,0.0,0.0,1.0,1.0,0.0,0.0,1.0,0.0,0.0,1.0,1
-0.28054408392377705,-0.5544873301529852,-0.4254282484081714,0.2732312961117544,-0.5165810160662032,-0.3292062216142464,-0.5165698822545822,-0.19795916279954343,-1.1077829767083145,-0.3192447336033025,-0.836775096276581,-0.45922426629526536,0.0,1.0,1.0,0.0,1.0,0.0,0.0,0.0,0.0,1.0,1.0,0.0,0.0,1.0,1.0,0.0,0.0,1
1.9428923177180415,-0.5544873301529852,0.9429886894608602,0.2732312961117544,1.5864957045281813,0.29627491260519107,1.5865180786625728,2.195264919914004,-1.1077829767083145,1.1305703164157326,1.9956384689696918,0.6146243235288545,1.0,0.0,1.0,0.0,1.0,0.0,0.0,0.0,0.0,1.0,0.0,1.0,0.0,1.0,0.0,1.0,0.0,1
-0.2959436581762329,0.18323496500758873,-0.3183347489227689,0.2732312961117544,-0.19690467694255046,-0.28025552415359484,-0.19688818414704323,-0.23797438454605283,0.8745306534628524,-0.16027278788678725,-0.02163925002352046,-0.36616535530077293,0.0,1.0,0.0,1.0,1.0,0.0,0.0,0.0,1.0,0.0,1.0,0.0,1.0,0.0,1.0,0.0,0.0,0
-0.34034030309554714,-0.24222935357366024,-0.4849246370111728,-4.014071330210684,-0.43166456728299346,1.520042349121482,-0.43179733340684384,-0.3594732409306557,0.6526949604275151,-0.41322944521526506,-0.5826401505138864,2.211187457880342,1.0,0.0,0.0,1.0,0.0,1.0,0.0,0.0,1.0,0.0,1.0,0.0,0.0,1.0,0.0,1.0,0.0,1
-0.45927744040706797,0.026934970159010935,-0.46112608156997226,0.2732312961117544,-0.4222121888600449,-0.345523120767797,-0.4221970381039541,-0.741430528997781,0.8130839656627507,-0.3751141809642585,-0.5564098884049444,-0.49064033196836654,0.0,1.0,0.0,1.0,1.0,0.0,0.0,0.0,0.0,1.0,1.0,0.0,0.0,1.0,1.0,0.0,0.0,1
-0.12753129294724755,0.4226441474889989,-0.41352897068757116,-5.132498102294799,0.0708610593665489,17.184265536530003,0.06950311540028595,0.15195705998246395,0.9470741173813676,-0.300956653470836,0.46050893840810214,9.650578529786136,0.0,1.0,0.0,1.0,1.0,0.0,0.0,0.0,1.0,0.0,1.0,0.0,0.0,1.0,0.0,0.0,1.0,1
-0.41094898929563733,-0.5544873301529852,-0.6039174142171756,0.2732312961117544,-0.6399268066345152,-0.4107907173819992,-0.6399127786168001,-0.5747386068236772,-1.1077829767083145,-0.6152864248387256,-1.2826987421517595,-0.618355799499025,0.0,1.0,0.0,1.0,0.0,1.0,0.0,0.0,1.0,0.0,0.0,1.0,0.0,1.0,0.0,1.0,0.0,1
0.1440909848247931,0.9558425981868824,0.7526002459312559,0.2732312961117544,0.5693578034095886,0.2092514504529216,0.5693576873333446,0.6272243272596033,1.0594858421880367,0.9808438317267074,1.1171888690936411,0.4785705307702091,0.0,1.0,1.0,0.0,1.0,0.0,0.0,0.0,1.0,0.0,1.0,0.0,1.0,0.0,1.0,0.0,0.0,0
-0.7795558198065489,0.7051469828170629,-0.3897304152463706,2.1372759162519452,-0.41787339220688824,-0.4665401228232969,-0.41784853865439037,-2.902534860156451,1.012629416976876,-0.26486531719390427,-0.5444940969890986,-0.7301423221785914,1.0,0.0,1.0,0.0,1.0,0.0,0.0,0.0,1.0,0.0,1.0,0.0,0.0,1.0,1.0,0.0,0.0,1
-0.36769912118235704,-0.5544873301529852,-0.5444210256141742,0.2732312961117544,-0.5990181524761805,-0.3835958854594149,-0.5990050951612055,-0.4393773979735462,-1.1077829767083145,-0.5117562072339227,-1.1224968927200385,-0.5647364079601584,1.0,0.0,1.0,0.0,1.0,0.0,0.0,0.0,1.0,0.0,1.0,0.0,0.0,1.0,0.0,1.0,0.0,1
-0.08821323102608364,1.3689944445262303,0.7407009682106556,0.2732312961117544,0.5368168285109134,0.20381248406840455,0.5368162030216751,0.23043487773600632,1.1219123752269895,0.9711106043372506,1.080790938754298,0.46994058045051584,0.0,1.0,0.0,1.0,0.0,0.0,1.0,0.0,1.0,0.0,1.0,0.0,0.0,1.0,0.0,1.0,0.0,1
-0.22173081630003605,1.2588662205847816,-0.09224847223136372,0.2732312961117544,0.3606306929880858,-0.17691516284777467,0.36065511022215796,-0.053980708526020674,1.106690950705426,0.13943966449561124,0.8701206723892987,-0.17531962675287943,0.0,1.0,0.0,1.0,0.0,1.0,0.0,0.0,0.0,1.0,1.0,0.0,0.0,1.0,1.0,0.0,0.0,0
-0.26039357718918055,-0.04728187641022622,-0.2588383603197676,-0.6587910139583409,-0.2677200366030009,-0.11817432589499277,-0.2677184164938777,-0.14711063364423324,0.7778437934569746,-0.07703236222851359,-0.17357424769586918,-0.07005902321984384,0.0,1.0,0.0,1.0,1.0,0.0,0.0,0.0,0.0,1.0,1.0,0.0,0.0,1.0,0.0,1.0,0.0,1
-0.31019645562265485,0.9558425981868824,1.157175688431665,0.2732312961117544,0.13966197772374805,0.3941763075264944,0.13963481574615508,-0.2759524862016983,1.0594858421880367,1.2868336844484365,0.5663549956249176,0.7633061712235997,0.0,1.0,0.0,1.0,0.0,0.0,1.0,0.0,1.0,0.0,1.0,0.0,0.0,1.0,1.0,0.0,0.0,1
2.5277484887953547,1.7257141264235314,3.9773045082139302,0.2732312961117544,3.172790752326937,1.6832113406569873,3.1727491780816397,2.4869020919102733,1.165834787651741,2.67077383847566,2.8506188277214637,2.3896116840211463,0.0,1.0,0.0,1.0,1.0,0.0,0.0,0.0,1.0,0.0,1.0,0.0,0.0,1.0,0.0,0.0,1.0,1
-0.2982372117883008,-0.5544873301529852,-0.5920181364965753,0.2732312961117544,-0.533316374585522,-0.40535175099748233,-0.5332996978507851,-0.24402339056362815,-1.1077829767083145,-0.594155590493605,-0.8912927423816843,-0.6075849378914553,0.0,1.0,1.0,0.0,1.0,0.0,0.0,0.0,1.0,0.0,1.0,0.0,0.0,1.0,0.0,0.0,1.0,0
-0.4791002966256548,0.47599819387057035,0.50271541379865,0.2732312961117544,-0.23750341705423103,0.09503315637806775,-0.23751779780190854,-0.8153432389595474,0.9607973092240509,0.7660024386492361,-0.10720080707853388,0.29407495957851076,0.0,1.0,0.0,1.0,1.0,0.0,0.0,0.0,1.0,0.0,0.0,1.0,0.0,1.0,0.0,0.0,1.0,1
1.2874274604406384,-0.5544873301529852,-1.2583776888501907,0.2732312961117544,0.9665126541967539,-0.7099338685304258,0.9665967547223288,1.7862014358423788,-1.1077829767083145,-2.3501102029878447,1.511506218379242,-1.2504260362202766,1.0,0.0,1.0,0.0,0.0,1.0,0.0,0.0,1.0,0.0,1.0,0.0,0.0,1.0,0.0,0.0,1.0,1
-0.29577983291822807,-0.11431644750502108,-0.5444210256141742,0.2732312961117544,-0.33156233021373527,-0.3835958854594149,-0.3315415481314972,-0.23754321375593035,0.7412672596960084,-0.5117562072339227,-0.3222328539475466,-0.5647364079601584,0.0,1.0,1.0,0.0,1.0,0.0,0.0,0.0,0.0,1.0,1.0,0.0,0.0,1.0,1.0,0.0,0.0,0
0.10837707857973587,0.13090695797950908,1.2404706324758672,0.2732312961117544,0.16182083205951264,0.4322490722181122,0.16179129694265984,0.5724426303855404,0.8555419614166314,1.3445092499668658,0.5991859262845083,0.8199314963385368,0.0,1.0,0.0,1.0,0.0,1.0,0.0,0.0,1.0,0.0,1.0,0.0,0.0,1.0,0.0,1.0,0.0,1
-0.3473847891897557,0.14150936463225725,0.026744304974639036,0.2732312961117544,-0.2644659391131334,-0.12252549900260627,-0.2644638806589637,-0.3796572881972985,0.8595037905470069,0.2811012847214943,-0.1663099743707932,-0.07777912786825877,0.0,1.0,0.0,1.0,0.0,0.0,1.0,0.0,1.0,0.0,1.0,0.0,0.0,1.0,0.0,0.0,1.0,1
-0.5362753116693473,1.725372113305701,-0.9013993572321825,-2.5228356340985316,0.27447458801825986,-0.16603723007874102,0.2744956559596363,-1.0506652359543558,1.165796059982659,-1.2304204768512392,0.7575803382636982,-0.15565577080302495,0.0,1.0,0.0,1.0,1.0,0.0,0.0,0.0,1.0,0.0,1.0,0.0,0.0,1.0,0.0,1.0,0.0,0
0.06742076407852347,0.6993327598139429,1.966326573432484,0.2732312961117544,0.38062014899727203,0.7640260216736401,0.3805706759657261,0.5071422981899899,1.0114351053760933,1.788117542869099,0.8952745538160118,1.287535199097668,0.0,1.0,1.0,0.0,1.0,0.0,0.0,0.0,1.0,0.0,1.0,0.0,0.0,1.0,1.0,0.0,0.0,0
-0.3174047669748682,0.6179336377702636,0.05054286041583959,0.2732312961117544,-0.020253670349741848,-0.11164756623357251,-0.02024541935524094,-0.295519668847419,0.9941074158262863,0.30828978440519506,0.3102309857498917,-0.05850159622205884,0.0,1.0,0.0,1.0,0.0,0.0,0.0,1.0,1.0,0.0,1.0,0.0,0.0,1.0,1.0,0.0,0.0,1
-0.5524940122118274,0.003678078146531088,-0.3897304152463706,2.1372759162519452,-0.5209198127193599,-0.4665401228232969,-0.5208979353952687,-1.1244746069990406,0.8025493686416041,-0.26486531719390427,-0.8507546253318578,-0.7301423221785914,1.0,0.0,0.0,1.0,0.0,0.0,1.0,0.0,1.0,0.0,1.0,0.0,0.0,1.0,0.0,1.0,0.0,1
-0.3816242681127693,0.061136281942069534,-0.2707376380403678,0.2732312961117544,-0.3332668574703325,-0.25849965861552743,-0.3332560249369229,-0.48168420078928337,0.827834790922725,-0.09341082190198383,-0.32637163725713597,-0.3253657397829374,0.0,1.0,0.0,1.0,1.0,0.0,0.0,0.0,0.0,1.0,1.0,0.0,1.0,0.0,0.0,1.0,0.0,0
-0.11802942798296626,0.10046779049258692,0.4670175806368492,0.2732312961117544,-0.06612094925454128,0.07871625722451704,-0.066129088718624,0.17128941503816378,0.8438177904312234,0.7333760263436212,0.22965700700815037,0.26714282154355196,0.0,1.0,1.0,0.0,1.0,0.0,0.0,0.0,1.0,0.0,1.0,0.0,0.0,1.0,0.0,1.0,0.0,0
-0.3282172340031883,-0.5544873301529852,-0.6039174142171756,0.2732312961117544,-0.5616735098543675,-0.4107907173819992,-0.561657221693276,-0.3253410566142967,-1.1077829767083145,-0.6152864248387256,-0.9875333167933067,-0.618355799499025,1.0,0.0,1.0,0.0,1.0,0.0,0.0,0.0,0.0,1.0,1.0,0.0,0.0,1.0,1.0,0.0,0.0,0
-0.5261181456730466,0.041299521107895545,-1.1988813002471892,0.2732312961117544,-0.4789264593977361,-0.6827390366078416,-0.47888625887245945,-1.0061676345604755,0.8193822470045538,-2.1154714964752275,-0.7197244881982329,-1.1894795941838603,0.0,1.0,0.0,1.0,0.0,0.0,1.0,0.0,0.0,1.0,1.0,0.0,0.0,1.0,0.0,1.0,0.0,1
-0.4756599662075529,-0.5544873301529852,-1.0798885230411865,0.2732312961117544,-0.7011348308486901,-0.6283493727626731,-0.7011053527215756,-0.8022602746159628,-1.1077829767083145,-1.714358106087577,-1.5519737602736046,-1.0698120642311464,0.0,1.0,1.0,0.0,1.0,0.0,0.0,0.0,1.0,0.0,1.0,0.0,0.0,1.0,0.0,1.0,0.0,1
0.044812878473854234,-0.0674606503622308,-0.5444210256141742,0.2732312961117544,0.011822433478952345,-0.3835958854594149,0.011853133338858143,0.46988343547717826,0.7673681133348899,-0.5117562072339227,0.36454866176273687,-0.5647364079601584,0.0,1.0,0.0,1.0,0.0,0.0,0.0,1.0,1.0,0.0,0.0,1.0,0.0,1.0,1.0,0.0,0.0,1
0.41686003940286764,1.8963786722209939,3.9773045082139302,0.2732312961117544,1.2534930613984043,1.6832113406569873,1.2533960532207096,0.9919039794631214,1.1844695642403444,2.67077383847566,1.7515282129451457,2.3896116840211463,0.0,1.0,0.0,1.0,0.0,0.0,1.0,0.0,1.0,0.0,0.0,1.0,0.0,1.0,1.0,0.0,0.0,1
-0.11852090375698081,0.15929404675944772,-0.21124124943736647,0.2732312961117544,-0.039933212312274036,-0.23130482669294317,-0.03991605984089113,0.17029535109923924,0.866015905867107,-0.012803201343461017,0.2760924968533157,-0.2748387690787142,0.0,1.0,1.0,0.0,1.0,0.0,0.0,0.0,1.0,0.0,1.0,0.0,0.0,1.0,0.0,1.0,0.0,0
1.9817189038651908,-0.5544873301529852,3.0253622905659086,0.2732312961117544,1.6232205190566862,1.2480940298956398,1.6231686253856394,2.216419951194601,-1.1077829767083145,2.2998483126094906,2.0206757389876473,1.8985896766944805,0.0,1.0,0.0,1.0,0.0,0.0,1.0,0.0,1.0,0.0,0.0,1.0,0.0,1.0,1.0,0.0,0.0,1
-0.2667827622513697,-0.5544873301529852,-0.4254282484081714,0.2732312961117544,-0.5035646261067331,-0.3292062216142464,-0.5035531163504713,-0.16305364180386167,-1.1077829767083145,-0.3192447336033025,-0.7954639328613868,-0.45922426629526536,0.0,1.0,0.0,1.0,1.0,0.0,0.0,0.0,1.0,0.0,1.0,0.0,0.0,1.0,0.0,1.0,0.0,1
-0.019406622664046805,-0.06540857165524729,0.1814349153424426,0.2732312961117544,-0.04799097752527934,-0.05181893600388717,-0.0479882625855932,0.3588885345864816,0.7684530591878511,0.45167266728134464,0.26192931323619706,0.046191766153262315,0.0,1.0,0.0,1.0,0.0,1.0,0.0,0.0,0.0,1.0,1.0,0.0,1.0,0.0,0.0,1.0,0.0,1
-0.44633524502468486,-0.10918625073756229,-0.6158166919377758,0.2732312961117544,-0.4716434793013659,-0.416229683766516,-0.4716241604079007,-0.695006358341755,0.7442570661562193,-0.6366385284875709,-0.6979214785058743,-0.6291503593910573,0.0,1.0,1.0,0.0,0.0,1.0,0.0,0.0,0.0,1.0,1.0,0.0,0.0,1.0,0.0,1.0,0.0,1
0.2260036138272179,-0.5544873301529852,-0.18744269399616592,0.2732312961117544,-0.037453899939041635,-0.22042689392390952,-0.037437536756371584,0.7460126556601265,-1.1077829767083145,0.018568298456255856,0.28042851333434027,-0.2547727881754173,0.0,1.0,1.0,0.0,1.0,0.0,0.0,0.0,0.0,1.0,1.0,0.0,0.0,1.0,0.0,1.0,0.0,1
-0.717302221764706,1.3265848179152375,0.8358951899754578,0.2732312961117544,-0.07743281195741411,0.2473242151445394,-0.07745462204213807,-2.1847429712464153,1.1161564520343674,1.047705797711511,0.2092301212892514,0.538558838736257,0.0,1.0,0.0,1.0,1.0,0.0,0.0,0.0,1.0,0.0,1.0,0.0,0.0,1.0,1.0,0.0,0.0,1
-0.1838871817009158,-0.5544873301529852,-0.5444210256141742,0.2732312961117544,-0.4251563723032584,-0.3835958854594149,-0.4251382934420092,0.032063711708012546,-1.1077829767083145,-0.5117562072339227,-0.5645398656610595,-0.5647364079601584,0.0,1.0,0.0,1.0,0.0,0.0,0.0,1.0,1.0,0.0,1.0,0.0,0.0,1.0,0.0,0.0,1.0,1
-0.2974180854982766,-0.5544873301529852,-0.4254282484081714,0.2732312961117544,-0.5325415894688867,-0.3292062216142464,-0.532530916637004,-0.24186032304715732,-1.1077829767083145,-0.3192447336033025,-0.8887327222730579,-0.45922426629526536,0.0,1.0,1.0,0.0,0.0,0.0,1.0,0.0,1.0,0.0,1.0,0.0,1.0,0.0,1.0,0.0,0.0,0
0.957811041334881,-0.5544873301529852,0.5979096355634522,0.2732312961117544,0.6547391232627794,0.13854488745420238,0.6547470690362615,1.530935609358952,-1.1077829767083145,0.8505371247549427,1.2093956074682621,0.3651794721574268,0.0,1.0,1.0,0.0,0.0,1.0,0.0,0.0,1.0,0.0,1.0,0.0,0.0,1.0,0.0,1.0,0.0,0
2.0906627004384157,-0.5544873301529852,-0.2469390825991673,0.2732312961117544,1.7262669395691579,-0.24762172584649378,1.7263363954937008,2.2742836546592673,-1.1077829767083145,-0.06078440959636888,2.0891582266128252,-0.3050924651015713,1.0,0.0,1.0,0.0,1.0,0.0,0.0,0.0,0.0,1.0,0.0,1.0,0.0,1.0,0.0,0.0,1.0,1
-0.46746870330731044,0.14390345645707134,-0.23503980487856702,0.2732312961117544,-0.3769647380485536,-0.24218275946197693,-0.37695645896083363,-0.7715473145807615,0.8603900464461223,-0.04466490062062163,-0.4357908195370804,-0.29498715670559356,0.0,1.0,1.0,0.0,1.0,0.0,0.0,0.0,0.0,1.0,1.0,0.0,0.0,1.0,1.0,0.0,0.0,1
0.11951719612406565,0.7814159080932835,2.1210171838002876,0.2732312961117544,0.4670861680137521,0.8347325846723591,0.4670335964968456,0.5897389782430962,1.0278049945350363,1.871357968527371,1.0002777061711348,1.3816777650040628,0.0,1.0,0.0,1.0,1.0,0.0,0.0,0.0,1.0,0.0,1.0,0.0,0.0,1.0,0.0,0.0,1.0,1
-0.29266715301613594,-0.5544873301529852,-0.46112608156997226,0.2732312961117544,-0.5280478357924031,-0.345523120767797,-0.5280357418242847,-0.2293736525545523,-1.1077829767083145,-0.3751141809642585,-0.8739545762801789,-0.49064033196836654,0.0,1.0,1.0,0.0,0.0,0.0,1.0,0.0,1.0,0.0,1.0,0.0,0.0,1.0,0.0,1.0,0.0,1
-0.40734483361953067,-0.3711682989957912,-0.9489964681145835,0.2732312961117544,-0.5534607876180352,-0.5685207425329879,-0.5534317792441472,-0.5629963775011092,0.5153669156628623,-1.3486627152890505,-0.9591377071559176,-0.9414637687181682,0.0,1.0,0.0,1.0,1.0,0.0,0.0,0.0,0.0,1.0,1.0,0.0,0.0,1.0,1.0,0.0,0.0,0
0.16604356939744294,-0.5544873301529852,0.1338378044600415,-2.5228356340985316,-0.09416817047673282,0.7803429208271906,-0.09423264788243023,0.6599621379885264,-1.1077829767083145,0.4006923302829311,0.1785865440386146,1.309421297065702,0.0,1.0,0.0,1.0,0.0,0.0,0.0,1.0,1.0,0.0,1.0,0.0,0.0,1.0,1.0,0.0,0.0,1
-0.13031632233333,0.4185399900750319,-0.06844991679016317,-2.5228356340985316,0.06636730569006517,0.5954180637536177,0.0663221001876081,0.14624472925714477,0.9459876498607316,0.16857026372749884,0.45337861390135953,1.0554707504266747,1.0,0.0,0.0,1.0,0.0,1.0,0.0,0.0,1.0,0.0,1.0,0.0,0.0,1.0,0.0,1.0,0.0,1
-0.5349647096053085,-0.5544873301529852,-0.5563203033347744,0.2732312961117544,-0.7572292732930732,-0.3890348518439318,-0.7572203550470888,-1.044851390919501,-1.1077829767083145,-0.532045999180452,-1.8390836776396755,-0.5754135079124764,1.0,0.0,1.0,0.0,1.0,0.0,0.0,0.0,1.0,0.0,1.0,0.0,1.0,0.0,0.0,1.0,0.0,0
-0.2869332689859662,-0.5544873301529852,-0.6039174142171756,0.2732312961117544,-0.5226243399759571,-0.4107907173819992,-0.5226069239809432,-0.21443614679718986,-1.1077829767083145,-0.6152864248387256,-0.8562758330969975,-0.618355799499025,1.0,0.0,1.0,0.0,0.0,1.0,0.0,0.0,1.0,0.0,1.0,0.0,0.0,1.0,0.0,1.0,0.0,1
-0.5184183585468186,0.3087537792514138,-0.21124124943736647,0.2732312961117544,-0.3504670870596323,-0.23130482669294317,-0.3504589035532522,-0.9732660183708377,0.9150859659325924,-0.012803201343461017,-0.3686661796002171,-0.2748387690787142,0.0,1.0,0.0,1.0,0.0,1.0,0.0,0.0,0.0,1.0,1.0,0.0,0.0,1.0,0.0,0.0,1.0,1
-0.3909623078190457,-0.32773263303130673,-0.5206224701729736,0.2732312961117544,-0.5182855433228005,-0.37271795269038127,-0.5182710151531618,-0.5107148787967258,0.5701822108303433,-0.47177243074140923,-0.842254368859921,-0.5434516652839245,1.0,0.0,0.0,1.0,1.0,0.0,0.0,0.0,0.0,1.0,1.0,0.0,0.0,1.0,0.0,1.0,0.0,1
-0.4317547970622532,0.11243824961665744,0.11003924901884096,0.2732312961117544,-0.35744015310934846,-0.08445273431098825,-0.3574437931142974,-0.6443174831053544,0.8484921283968131,0.3747160902523562,-0.3860940433467333,-0.010636577620851607,0.0,1.0,0.0,1.0,1.0,0.0,0.0,0.0,1.0,0.0,1.0,0.0,0.0,1.0,1.0,0.0,0.0,1
-0.33509789483939195,-0.5544873301529852,-0.7824065800261797,-4.759689178266761,-0.5681817048341026,3.423680583702379,-0.5684690709139293,-0.3446211447233315,-1.1077829767083145,-0.9617287853353964,-1.0103515658213105,3.9731784518542654,0.0,1.0,1.0,0.0,1.0,0.0,0.0,0.0,0.0,1.0,1.0,0.0,0.0,1.0,0.0,1.0,0.0,0
-0.47140050949942686,0.05532205893894957,-0.00895352818716179,0.2732312961117544,-0.4208175756501017,-0.13884239815615676,-0.42081874166132954,-0.7862136836823548,0.8253858551535705,0.23962648679576132,-0.5525713736781034,-0.10683819895317441,0.0,1.0,1.0,0.0,1.0,0.0,0.0,0.0,1.0,0.0,1.0,0.0,0.0,1.0,1.0,0.0,0.0,1
-0.06609682119542894,-0.5544873301529852,-0.5087231924523733,0.2732312961117544,-0.31374227253112735,-0.3672789863058644,-0.31372226710859785,0.2728945437309359,-1.1077829767083145,-0.4520707579932488,-0.2795132689130268,-0.5328438222503004,1.0,0.0,1.0,0.0,1.0,0.0,0.0,0.0,1.0,0.0,1.0,0.0,1.0,0.0,0.0,1.0,0.0,0
-0.4289697676761708,0.1350111153934761,-0.4254282484081714,0.2732312961117544,-0.34457872017320534,-0.3292062216142464,-0.3445626185216876,-0.6348209071650163,0.8570827918452197,-0.3192447336033025,-0.35407704143375146,-0.45922426629526536,0.0,1.0,0.0,1.0,1.0,0.0,0.0,0.0,1.0,0.0,1.0,0.0,0.0,1.0,1.0,0.0,0.0,1
0.20142982512649044,-0.5544873301529852,-0.21124124943736647,0.2732312961117544,-0.0606974534380954,-0.23130482669294317,-0.060680900687925254,0.7113212102187261,-1.1077829767083145,-0.012803201343461017,0.2393707112772878,-0.2748387690787142,0.0,1.0,0.0,1.0,0.0,0.0,1.0,0.0,1.0,0.0,0.0,1.0,1.0,0.0,1.0,0.0,0.0,0
-0.47697056827159173,0.25779382469465645,-0.21124124943736647,0.2732312961117544,-0.3343515566336217,-0.23130482669294317,-0.334342907671972,-0.8072312618981643,0.8993805370508289,-0.012803201343461017,-0.3290102736314058,-0.2748387690787142,0.0,1.0,0.0,1.0,0.0,1.0,0.0,0.0,0.0,1.0,1.0,0.0,0.0,1.0,1.0,0.0,0.0,1
-0.3391935262895132,0.5570553027964192,0.1457370821806418,0.2732312961117544,-0.06844530460444664,-0.06813583515743776,-0.06844188908908659,-0.3562121748606763,0.9803429063465234,0.41355740303033994,0.22547820949856243,0.017859875146703487,0.0,1.0,0.0,1.0,0.0,1.0,0.0,0.0,1.0,0.0,1.0,0.0,0.0,1.0,0.0,0.0,1.0,1
-0.483195928075776,0.24342927374577186,0.41942046975444813,0.2732312961117544,-0.3467481184997837,0.05696039168644973,-0.34676264135686985,-0.8310634147553837,0.8947752757942,0.6890458616202458,-0.3594385113052782,0.23100177050971948,0.0,1.0,0.0,1.0,1.0,0.0,0.0,0.0,0.0,1.0,1.0,0.0,1.0,0.0,0.0,0.0,1.0,0
-0.2965989592082523,0.9045406305122945,-0.16364413855496537,-2.5228356340985316,0.12927985716083737,0.5083946016013481,0.12924335590187128,-0.23970026690227922,1.0505645241881565,0.04946445417398542,0.5507683761089051,0.9312584072802869,0.0,1.0,0.0,1.0,1.0,0.0,0.0,0.0,1.0,0.0,1.0,0.0,1.0,0.0,1.0,0.0,0.0,0
0.010573399550840669,-0.2015297925518205,-1.4249675769385945,0.2732312961117544,-0.08130673754058973,-0.7860793979136617,-0.08124687427809095,0.41169455319525383,0.6842985964032215,-3.2019170861977444,0.20218205043325996,-1.4252174406536446,0.0,1.0,0.0,1.0,0.0,1.0,0.0,0.0,1.0,0.0,1.0,0.0,0.0,1.0,0.0,1.0,0.0,1
-0.44830114812074306,0.0012839863217169861,-0.7348094691437785,0.2732312961117544,-0.4234518450466611,-0.4706193476116845,-0.4234268297768392,-0.7019692783815659,0.8014401204602619,-0.8634395292591737,-0.559828650624006,-0.738422704720935,1.0,0.0,1.0,0.0,1.0,0.0,0.0,0.0,1.0,0.0,1.0,0.0,0.0,1.0,0.0,0.0,1.0,1
0.7758011796914931,-0.5544873301529852,1.3594634096818698,0.2732312961117544,0.48258187034645456,0.48663873606328073,0.4825572950936,1.3696206038953036,-1.1077829767083145,1.4241720082377487,1.0184770833512278,0.8997076522963455,0.0,1.0,0.0,1.0,0.0,0.0,0.0,1.0,1.0,0.0,0.0,1.0,0.0,1.0,0.0,1.0,0.0,1
-0.24843433335482654,0.35834568133684874,0.1933341930630429,0.2732312961117544,-0.07262914423427633,-0.04637996961937035,-0.07262757135269685,-0.11770186805512112,0.9295041194473697,0.46422105929097324,0.2179323260522573,0.055599488099646155,0.0,1.0,0.0,1.0,1.0,0.0,0.0,0.0,1.0,0.0,1.0,0.0,0.0,1.0,0.0,1.0,0.0,1
-0.20043353275940562,0.23419491956434604,0.43131974747504837,0.2732312961117544,-0.08347613586716808,0.062399358070966554,-0.08348348524494813,-0.004971811488302472,0.8917707808785481,0.7002190800772985,0.19822328238153336,0.24006202330019372,1.0,0.0,0.0,1.0,1.0,0.0,0.0,0.0,1.0,0.0,1.0,0.0,0.0,1.0,0.0,1.0,0.0,1
-0.28316528805185465,-0.4717201556379834,-0.44922680384937197,0.2732312961117544,-0.4815607287942955,-0.34008415438328016,-0.4815477226153536,-0.20469779696741983,0.3106174040259877,-0.3563204325672111,-0.7276748727428893,-0.480145941888397,0.0,1.0,0.0,1.0,0.0,0.0,1.0,0.0,0.0,1.0,1.0,0.0,0.0,1.0,0.0,1.0,0.0,1
2.306748215746812,-0.5544873301529852,5.405217834685963,0.2732312961117544,1.930655253337504,2.3358873067990094,1.9305261493992427,2.383038063071523,-1.1077829767083145,3.124939437458846,2.2178705623661656,3.044733453322192,1.0,0.0,0.0,1.0,0.0,1.0,0.0,0.0,1.0,0.0,0.0,1.0,0.0,1.0,0.0,1.0,0.0,1
0.08511389194304723,0.14800761387103836,0.7763988013724563,0.2732312961117544,0.1475647859134263,0.22012938322195524,0.1475516265433909,0.5356898415771321,0.8619023010356873,1.000172007401478,0.5781313841096511,0.49578502384111856,0.0,1.0,0.0,1.0,1.0,0.0,0.0,0.0,1.0,0.0,1.0,0.0,0.0,1.0,1.0,0.0,0.0,1
0.06496338520845074,-0.5544873301529852,-0.16364413855496537,0.2732312961117544,-0.1897766538695073,-0.20954896115487587,-0.18976555103145717,0.503135491939134,-1.1077829767083145,0.04946445417398542,-0.007019945078243629,-0.23478854265503663,0.0,1.0,1.0,0.0,1.0,0.0,0.0,0.0,0.0,1.0,0.0,1.0,0.0,1.0,0.0,1.0,0.0,1
0.5562753339649946,-0.5544873301529852,1.3356648542406693,0.2732312961117544,0.27493945908824097,0.4757608032942471,0.27490974752047465,1.1497071214679746,-1.1077829767083145,1.4084864903813301,0.7582064570831444,0.8838558598574144,0.0,1.0,0.0,1.0,0.0,0.0,1.0,0.0,1.0,0.0,1.0,0.0,1.0,0.0,0.0,0.0,1.0,0
-0.15341568371201378,-0.5544873301529852,-0.3064354712021687,0.2732312961117544,-0.3963343659644317,-0.27481655776907804,-0.3963240636264938,0.09803745859068783,-1.1077829767083145,-0.14335063876429482,-0.4864590302849014,-0.3559335987420099,0.0,1.0,0.0,1.0,1.0,0.0,0.0,0.0,0.0,1.0,1.0,0.0,0.0,1.0,1.0,0.0,0.0,1
-0.3391935262895132,-0.5544873301529852,-0.9013993572321825,0.2732312961117544,-0.5720556304172781,-0.5467648769949204,-0.5720288809015945,-0.3562121748606763,-1.1077829767083145,-1.2304204768512392,-1.0240697091549547,-0.895611794865874,0.0,1.0,1.0,0.0,1.0,0.0,0.0,0.0,1.0,0.0,1.0,0.0,0.0,1.0,0.0,0.0,1.0,1
-0.3282172340031883,0.30054546442347974,-0.2707376380403678,0.2732312961117544,-0.17428095153680478,-0.25849965861552743,-0.17426552710813928,-0.3253410566142967,0.9126198900476277,-0.09341082190198383,0.024365234001657618,-0.3253657397829374,0.0,1.0,0.0,1.0,0.0,0.0,0.0,1.0,1.0,0.0,1.0,0.0,1.0,0.0,1.0,0.0,0.0,0
-0.49564664768414457,-0.5544873301529852,-1.627255298188799,0.2732312961117544,-0.7200395876945871,-0.8785418264504481,-0.719990854946343,-0.8798548467603032,-1.1077829767083145,-5.227263993982619,-1.6438080019221817,-1.6461928918237207,1.0,0.0,1.0,0.0,1.0,0.0,0.0,0.0,1.0,0.0,1.0,0.0,0.0,1.0,0.0,0.0,1.0,0
-0.3665523443763231,0.15142774504934423,-0.49682391473177306,0.2732312961117544,-0.2781021571659116,-0.3618400199213476,-0.27808155281975916,-0.43594418128970297,0.8631557827842021,-0.43255762089003547,-0.19694472982079414,-0.5222588656271877,0.0,1.0,0.0,1.0,1.0,0.0,0.0,0.0,1.0,0.0,1.0,0.0,1.0,0.0,0.0,0.0,1.0,0
-0.32543220461710587,0.04403562605054023,0.47891685835744946,0.2732312961117544,-0.28786444963551416,0.08415522360903409,-0.2878794240336934,-0.3176048161167707,0.8205646954732526,0.7443096035656478,-0.21919464795577362,0.27613663797924176,0.0,1.0,0.0,1.0,0.0,1.0,0.0,0.0,1.0,0.0,1.0,0.0,0.0,1.0,0.0,0.0,1.0,1
-0.04709309126686639,-0.05822629618080497,0.2290320262248437,0.2732312961117544,-0.07092461697767904,-0.030063070465819856,-0.07092428621107755,0.30847267840004045,0.7722148679297859,0.5014094565867142,0.2210103189087758,0.08371489737419549,0.0,1.0,0.0,1.0,1.0,0.0,0.0,0.0,1.0,0.0,1.0,0.0,1.0,0.0,0.0,0.0,1.0,0
1.8450886386891463,-0.5544873301529852,1.537952575490874,0.2732312961117544,1.4939863616019473,0.5682232318310334,1.4939845414136728,2.1406610624872036,-1.1077829767083145,1.5381182570038616,1.931014053893991,1.0169911375489922,0.0,1.0,0.0,1.0,0.0,0.0,1.0,0.0,1.0,0.0,1.0,0.0,0.0,1.0,0.0,0.0,1.0,1
0.11820659406002686,0.0012839863217169861,0.49081613607804975,2.1372759162519452,0.11238954161819163,-0.1646774884826118,0.11240582054153134,0.5877140930248458,0.8014401204602619,0.7551848680986367,0.5251248959268614,-0.15320332111850263,0.0,1.0,0.0,1.0,0.0,0.0,1.0,0.0,0.0,1.0,1.0,0.0,0.0,1.0,0.0,1.0,0.0,0
0.16424149155938958,-0.5544873301529852,0.05054286041583959,0.2732312961117544,-0.09587269773333008,-0.11164756623357251,-0.09586663079817118,0.657300578059309,-1.1077829767083145,0.30828978440519506,0.17543655131428784,-0.05850159622205884,0.0,1.0,0.0,1.0,0.0,0.0,0.0,1.0,1.0,0.0,1.0,0.0,0.0,1.0,0.0,1.0,0.0,0
-0.36769912118235704,-0.3968192828330851,-0.44922680384937197,-4.014071330210684,-0.5275829647224219,1.5899719169224131,-0.5277240355394778,-0.4393773979735462,0.47652254532092875,-0.3563204325672111,-0.872432568628603,2.2884508734545546,0.0,1.0,0.0,1.0,0.0,0.0,1.0,0.0,1.0,0.0,1.0,0.0,0.0,1.0,0.0,0.0,1.0,1
-0.37949453975870623,0.2013616602526098,-0.11604702767256427,0.2732312961117544,-0.2677200366030009,-0.18779309561680843,-0.2677129067516961,-0.47513855258776466,0.8807957751063268,0.10988686799186656,-0.17357424769586918,-0.19506261312090575,0.0,1.0,0.0,1.0,1.0,0.0,0.0,0.0,1.0,0.0,1.0,0.0,1.0,0.0,0.0,1.0,0.0,0
-0.3562313531220176,0.3822865995849898,-0.4254282484081714,0.2732312961117544,-0.16374387395056708,-0.3292062216142464,-0.1637225493538606,-0.40538237127140053,0.9361866259617687,-0.3192447336033025,0.045404814561257424,-0.45922426629526536,0.0,1.0,1.0,0.0,1.0,0.0,0.0,0.0,1.0,0.0,1.0,0.0,0.0,1.0,0.0,0.0,1.0,1
-0.5932865014550349,0.20888594884488268,-0.46112608156997226,0.2732312961117544,-0.4665298975315741,-0.345523120767797,-0.46651602677747467,-1.327300536988162,0.8833523973098851,-0.3751141809642585,-0.6827662167476759,-0.49064033196836654,0.0,1.0,0.0,1.0,0.0,1.0,0.0,0.0,1.0,0.0,1.0,0.0,0.0,1.0,1.0,0.0,0.0,1
-0.3639311402482455,0.4431649345588341,0.1814349153424426,0.2732312961117544,-0.1434445038947268,-0.05181893600388717,-0.1434445458824068,-0.4281252389939294,0.9524389239219895,0.45167266728134464,0.0852697621535781,0.046191766153262315,0.0,1.0,1.0,0.0,1.0,0.0,0.0,0.0,1.0,0.0,1.0,0.0,0.0,1.0,0.0,0.0,1.0,1
0.18619407613203942,-0.5544873301529852,0.7050031350488547,0.2732312961117544,-0.07510845660750873,0.18749558491485405,-0.0751254646245737,0.6894163558795353,-1.1077829767083145,0.9416290218753336,0.2134460153730415,0.4439592726440046,0.0,1.0,0.0,1.0,0.0,0.0,1.0,0.0,1.0,0.0,1.0,0.0,0.0,1.0,0.0,1.0,0.0,1
-0.584439937522773,11.018210537880554,-0.6634138028201769,0.2732312961117544,4.439254503978713,-0.43798554930458344,4.43941738320896,-1.2810072266765735,1.5852470519030681,-0.724355590996497,3.3284242085671134,-0.6725676824934427,0.0,1.0,1.0,0.0,1.0,0.0,0.0,0.0,1.0,0.0,1.0,0.0,0.0,1.0,0.0,0.0,1.0,0
-0.3665523443763231,-0.5544873301529852,-1.3059747997325917,0.2732312961117544,-0.5979334533128914,-0.7316897340684931,-0.597892815958288,-0.43594418128970297,-1.1077829767083145,-2.5594330344656493,-1.11843363363035,-1.2997342451515628,1.0,0.0,0.0,1.0,1.0,0.0,0.0,0.0,1.0,0.0,1.0,0.0,0.0,1.0,0.0,1.0,0.0,1
-0.5772316261705597,-0.5544873301529852,-1.0084928567175848,0.2732312961117544,-0.7972081853114457,-0.595715574455572,-0.7971840647054708,-1.24428200733214,-1.1077829767083145,-1.5068122745187267,-2.075112550712066,-0.9993880010895966,0.0,1.0,0.0,1.0,0.0,1.0,0.0,0.0,1.0,0.0,1.0,0.0,0.0,1.0,1.0,0.0,0.0,0
-0.4286421171601611,0.10115181672824809,0.002945749533438485,0.2732312961117544,-0.35960955143592677,-0.13340343177163994,-0.35960938006084436,-0.633707474696518,0.844087187151665,0.25354536177152076,-0.39154995350866345,-0.09713270520102744,0.0,1.0,0.0,1.0,0.0,1.0,0.0,0.0,1.0,0.0,1.0,0.0,1.0,0.0,1.0,0.0,0.0,0
-0.1835595311849061,0.4715520233387727,0.31232697026904566,-4.014071330210684,0.04002461172447091,3.0818026966756054,0.03978186887518225,0.032788235689549236,0.9596811586813331,0.5856323478224004,0.41101395009384123,3.6998552226232375,0.0,1.0,0.0,1.0,0.0,1.0,0.0,0.0,1.0,0.0,1.0,0.0,0.0,1.0,1.0,0.0,0.0,0
-0.5089164935825374,-0.03394336481483337,-0.49682391473177306,0.2732312961117544,-0.496746517080344,-0.3618400199213476,-0.49673222770905123,-0.9336027970770142,0.7845421754408259,-0.43255762089003547,-0.7741900525936938,-0.5222588656271877,0.0,1.0,0.0,1.0,1.0,0.0,0.0,0.0,1.0,0.0,1.0,0.0,0.0,1.0,0.0,0.0,1.0,1
-0.5305414276391776,-0.5544873301529852,-0.9013993572321825,0.2732312961117544,-0.7530454336632435,-0.5467648769949204,-0.7530239115682801,-1.025388957745449,-1.1077829767083145,-1.2304204768512392,-1.8160496207232917,-0.895611794865874,1.0,0.0,1.0,0.0,1.0,0.0,0.0,0.0,0.0,1.0,1.0,0.0,0.0,1.0,0.0,1.0,0.0,1
-0.10705313569664134,-0.5544873301529852,-0.6158166919377758,0.2732312961117544,-0.35248152836288366,-0.416229683766516,-0.3524587677857422,0.19332583447390114,-1.1077829767083145,-0.6366385284875709,-0.37368392894300007,-0.6291503593910573,0.0,1.0,1.0,0.0,1.0,0.0,0.0,0.0,1.0,0.0,1.0,0.0,0.0,1.0,0.0,1.0,0.0,1
-0.4386354578984569,-0.5544873301529852,-0.4730253592905725,0.2732312961117544,-0.6661145435767825,-0.35096208715231386,-0.6661060068585677,-0.668031867337953,-1.1077829767083145,-0.394082757437591,-1.3931125970579312,-0.5011572180785796,0.0,1.0,0.0,1.0,0.0,0.0,1.0,0.0,1.0,0.0,0.0,1.0,1.0,0.0,0.0,1.0,0.0,0
-0.3937473372051281,0.6138294803562965,-1.0679892453205864,-2.5228356340985316,-0.09432312750005983,-0.31832828884521275,-0.09430065876248478,-0.5194793670731671,0.993202185335219,-1.678266769810647,0.1783004042442663,-0.4383914303564882,0.0,1.0,0.0,1.0,1.0,0.0,0.0,0.0,1.0,0.0,1.0,0.0,0.0,1.0,0.0,1.0,0.0,1
0.09772843680942066,-0.5544873301529852,0.7050031350488547,-1.5908133240284363,-0.15878524920410228,0.7449896393278309,-0.15884879499045798,0.5557271417764572,-1.1077829767083145,0.9416290218753336,0.05522299468401092,1.2618774055108788,0.0,1.0,0.0,1.0,0.0,0.0,1.0,0.0,1.0,0.0,0.0,1.0,0.0,1.0,0.0,1.0,0.0,0
0.6476898279317007,-0.5544873301529852,1.7402402967410786,0.2732312961117544,0.36140547810472096,0.6606856603678198,0.3613636286308276,1.2450973267052576,-1.1077829767083145,1.6599992530966288,0.8711020748638908,1.1466088292302123,0.0,1.0,1.0,0.0,0.0,0.0,0.0,1.0,1.0,0.0,0.0,1.0,0.0,1.0,0.0,1.0,0.0,1
-0.2530214405789623,0.5741559586879486,-0.044651361348962616,-2.5228356340985316,0.0208099408319198,0.617173929291685,0.020761697728787925,-0.12891614149755654,0.9842840196830271,0.1972905591667682,0.3794843104079303,1.0860386093857468,0.0,1.0,0.0,1.0,1.0,0.0,0.0,0.0,1.0,0.0,1.0,0.0,0.0,1.0,1.0,0.0,0.0,1
1.7556400478184984,-0.5544873301529852,1.3594634096818698,0.2732312961117544,1.4093798268653916,0.48663873606328073,1.409382019766071,2.0889815156873484,-1.1077829767083145,1.4241720082377487,1.869850600601427,0.8997076522963455,0.0,1.0,0.0,1.0,1.0,0.0,0.0,0.0,1.0,0.0,0.0,1.0,0.0,1.0,0.0,0.0,1.0,1
-0.2572808972870884,-0.5544873301529852,-0.4254282484081714,0.2732312961117544,-0.49457711875376564,-0.3292062216142464,-0.4945653494166804,-0.1394024746380422,-1.1077829767083145,-0.3192447336033025,-0.7674724517467483,-0.45922426629526536,0.0,1.0,1.0,0.0,1.0,0.0,0.0,0.0,0.0,1.0,1.0,0.0,0.0,1.0,1.0,0.0,0.0,1
0.16047351062527804,-0.21247421232239924,0.49081613607804975,0.2732312961117544,0.05552031405717342,0.08959418999355091,0.055514826988054065,0.6517207009173296,0.6761731123430483,0.7551848680986367,0.4360525453654361,0.2851139972850881,0.0,1.0,0.0,1.0,0.0,0.0,1.0,0.0,0.0,1.0,0.0,1.0,0.0,1.0,1.0,0.0,0.0,0
-0.39587706555919117,-0.5544873301529852,-0.6872123582613775,0.2732312961117544,-0.6256707604884288,-0.44886348207361715,-0.6256533075815659,-0.5262151883109453,-1.1077829767083145,-0.7696709506980769,-1.2252706100264343,-0.6944212842916228,0.0,1.0,1.0,0.0,1.0,0.0,0.0,0.0,1.0,0.0,1.0,0.0,1.0,0.0,0.0,1.0,0.0,0
0.7469679342826396,-0.5544873301529852,0.40752119203384785,0.2732312961117544,0.45530943424089815,0.0515214253019329,0.4553185071831457,1.342453576601693,-1.1077829767083145,0.6778110824203202,0.9863245334961424,0.22192475498482392,0.0,1.0,0.0,1.0,1.0,0.0,0.0,0.0,1.0,0.0,0.0,1.0,0.0,1.0,1.0,0.0,0.0,1
0.061686880048353744,-0.5544873301529852,0.5503125246810512,0.2732312961117544,-0.1928757943360478,0.11678902191613506,-0.1928906079251029,0.49777693686928176,-1.1077829767083145,0.8087078166201294,-0.013361868586200067,0.3297560295181082,0.0,1.0,0.0,1.0,0.0,0.0,1.0,0.0,1.0,0.0,1.0,0.0,0.0,1.0,0.0,0.0,1.0,1
-0.8170718038896595,13.696173250494041,2.4303984045358944,-2.5228356340985316,5.432529023504944,2.879783945250694,5.432458017240868,-3.5816768159158947,1.6389946110198683,2.0282897867435645,3.6318648510638702,3.5308858567833434,1.0,0.0,1.0,0.0,0.0,0.0,0.0,1.0,1.0,0.0,1.0,0.0,0.0,1.0,0.0,0.0,1.0,0
-0.4111128145536422,0.4004132948300108,0.11003924901884096,0.2732312961117544,-0.20744175452878816,-0.08445273431098825,-0.20744106221930464,-0.5752744618033662,0.941133636787624,0.3747160902523562,-0.04346585633876616,-0.010636577620851607,0.0,1.0,0.0,1.0,1.0,0.0,0.0,0.0,0.0,1.0,1.0,0.0,0.0,1.0,1.0,0.0,0.0,1
0.04907233518198032,-0.5544873301529852,-0.21124124943736647,0.2732312961117544,-0.20480748513222874,-0.23130482669294317,-0.20479509462629641,0.4769719682837278,-1.1077829767083145,-0.012803201343461017,-0.037984834597569135,-0.2748387690787142,0.0,1.0,0.0,1.0,0.0,0.0,0.0,1.0,1.0,0.0,1.0,0.0,0.0,1.0,0.0,0.0,1.0,1
-0.2830014627938498,0.916511089636365,0.31232697026904566,0.2732312961117544,0.1475647859134263,0.008009694225798161,0.14756841403910045,-0.20427577382371268,1.0526739035598347,0.5856323478224004,0.5781313841096511,0.14869764197618301,0.0,1.0,1.0,0.0,1.0,0.0,0.0,0.0,1.0,0.0,1.0,0.0,0.0,1.0,1.0,0.0,0.0,1
1.0806799848385182,-0.5544873301529852,4.167692951743534,0.2732312961117544,0.7709568907580483,1.770234802809257,0.770839058597727,1.6310628994940934,-1.1077829767083145,2.7374990479957413,1.3278976302744856,2.4821828358571394,1.0,0.0,0.0,1.0,0.0,1.0,0.0,0.0,1.0,0.0,1.0,0.0,0.0,1.0,0.0,1.0,0.0,1
-0.4920424920080379,0.7451625176032415,-0.21124124943736647,-2.5228356340985316,-0.12779384453869727,0.46488287052521343,-0.12783432711545625,-0.8655725292917734,1.020702581629862,-0.012803201343461017,0.11542514508808596,0.8679526838847595,0.0,1.0,0.0,1.0,1.0,0.0,0.0,0.0,0.0,1.0,1.0,0.0,0.0,1.0,0.0,0.0,1.0,0
-0.3282172340031883,0.30054546442347974,0.3242262479896459,0.2732312961117544,-0.17428095153680478,0.01344866061031499,-0.17428704953853638,-0.3253410566142967,0.9126198900476277,0.5973851599921436,0.024365234001657618,0.15791102588899433,0.0,1.0,0.0,1.0,0.0,1.0,0.0,0.0,1.0,0.0,1.0,0.0,0.0,1.0,0.0,1.0,0.0,1
-0.23205180755434157,-0.07190682089402842,0.1338378044600415,0.2732312961117544,-0.25206937724697137,-0.0735748015419546,-0.25207083478775805,-0.07829985023446301,0.7650016409867594,0.4006923302829311,-0.13889685656089965,0.008379436463865624,0.0,1.0,0.0,1.0,0.0,0.0,1.0,0.0,0.0,1.0,1.0,0.0,0.0,1.0,1.0,0.0,0.0,1
-0.355739877348003,0.11243824961665744,-0.44922680384937197,0.2732312961117544,-0.2855400942856088,-0.34008415438328016,-0.2855214265593971,-0.40394195518936266,0.8484921283968131,-0.3563204325672111,-0.2138725435835008,-0.480145941888397,0.0,1.0,0.0,1.0,1.0,0.0,0.0,0.0,1.0,0.0,1.0,0.0,0.0,1.0,1.0,0.0,0.0,1
-0.4101298630056131,-0.5544873301529852,-0.8895000795115822,0.2732312961117544,-0.6391520215178801,-0.5413259106104035,-0.6391276403559173,-0.572062104386173,-1.1077829767083145,-1.2019010292098635,-1.2795310647636875,-0.8842154471358911,1.0,0.0,1.0,0.0,1.0,0.0,0.0,0.0,1.0,0.0,1.0,0.0,0.0,1.0,1.0,0.0,0.0,1
-0.21255660185176448,-0.5544873301529852,-1.2583776888501907,-2.5228356340985316,-0.4522738513854878,-0.4923752131497519,-0.4522479467700817,-0.03267912060005295,-1.1077829767083145,-2.3501102029878447,-0.6411638967354528,-0.7828223334611453,0.0,1.0,0.0,1.0,0.0,0.0,0.0,1.0,1.0,0.0,1.0,0.0,0.0,1.0,1.0,0.0,0.0,1
0.437174371395469,-0.4724041818736446,1.276168465637668,0.2732312961117544,0.19947538872797974,0.4485659713716627,0.19944564981944254,1.0159207418110514,0.3084833692916989,1.3687365519961212,0.6536636341757002,0.8440008438382877,0.0,1.0,0.0,1.0,0.0,1.0,0.0,0.0,1.0,0.0,1.0,0.0,0.0,1.0,0.0,0.0,1.0,1
0.35706382023109756,-0.5544873301529852,0.49081613607804975,0.2732312961117544,0.08651171872257844,0.08959418999355091,0.08650712675974678,0.9189719484252757,-1.1077829767083145,0.7551848680986367,0.4851282113701162,0.2851139972850881,0.0,1.0,0.0,1.0,0.0,0.0,1.0,0.0,1.0,0.0,1.0,0.0,0.0,1.0,0.0,0.0,1.0,1
-0.13441195378345122,-0.5544873301529852,-0.1517448608343651,0.2732312961117544,-0.37835935125849685,-0.20410999477035893,-0.3783541255908153,0.13780585237723655,-1.1077829767083145,0.06473873732769238,-0.4393925901455563,-0.2248268631072366,1.0,0.0,1.0,0.0,1.0,0.0,0.0,0.0,1.0,0.0,0.0,1.0,1.0,0.0,0.0,1.0,0.0,0
